epoch;mean;std;experiment
1;66,12040113791208;2,4849236053914434;0
2;70,6378443419155;2,0066150491655423;0
3;72,61375136461795;1,9874570566049976;0
4;74,3502824858757;1,153647912437655;0
5;75,59238363892806;1,5867974186279232;0
6;76,46779103216912;1,5561845018763742;0
7;77,58279346258357;1,4152611879845702;0
8;78,30279378132646;1,505257996439105;0
9;78,89597427744974;1,7030368140187773;0
10;79,2767524881866;1,88428892044091;0
11;79,47421370116261;1,7287275713427086;0
12;79,91186759420845;1,9418233395768;0
13;80,03906592399575;1,9919839911024664;0
14;80,39203381861938;1,82663356236862;0
15;80,85773708493701;1,7913730995920596;0
16;81,1401432749237;1,7550407567706332;0
17;81,12585960969935;1,7903164578420154;0
18;81,47898687576199;1,718275153058357;0
19;81,66244332353197;1,5170833314443175;0
20;81,6201302064657;1,5674382172938954;0
21;81,83191492752584;1,573116416898172;0
22;82,22705648920656;1,4744288529109768;0
23;82,07184862900719;1,4952938570029872;0
24;82,43882128883683;1,2874155203816795;0
25;82,5799845409704;1,3395079785854809;0
26;82,62245702947574;1,0210940885792759;0
27;82,74943622353437;1,307738686482829;0
28;82,83406245766697;1,6329252671692736;0
29;82,91894767038801;1,5554645064392965;0
30;82,98946953216516;1,5454965938672836;0
31;83,04596670730639;1,5121413057461164;0
32;82,83408237909684;1,4555332062670467;0
33;82,82007761389082;1,3347047407234878;0
34;83,37052664292031;1,552817769739829;0
35;83,32821352585404;1,2535492139948834;0
36;83,27173627214269;1,3973224351878932;0
37;83,42714334664085;1,347022127245185;0
38;83,59643565776578;1,567903991774764;0
39;83,70937024375861;1,5771171697371869;0
40;83,65293283290701;1,4999200127194097;0
41;83,78001163411504;1,6708809482188165;0
42;83,56830659877443;1,5489915379540067;0
43;83,7094897723379;1,4975465962278507;0
44;83,80822037882592;1,548941424507047;0
45;83,80830006454543;1,4885228324351458;0
46;84,01994533559642;1,6202613128099852;0
47;84,18953646816955;1,3498987704407273;0
48;84,07664172503647;1,4412655741469735;0
49;84,1612878805989;1,3804738868673945;0
50;84,21780497717005;1,3210719774750694;0
1;69,07034655319421;1,8135753520022624;1
2;71,32935701592919;1,742024221616081;1
3;72,5997864422717;2,192846334835881;1
4;74,11042847011386;1,8662242003610447;1
5;75,19730184153698;1,6327005746908825;1
6;76,12910680276987;1,0766065878844584;1
7;77,08910058728375;1,5446362738891253;1
8;77,71019100666969;1,2178373515682352;1
9;77,96422908050648;1,2604552562979912;1
10;78,02078601993736;1,5151490414219508;1
11;78,23251097670787;1,5936027574937612;1
12;78,3456447769995;1,1893668532122486;1
13;78,76911461197041;1,3663126152194198;1
14;79,06544588144358;1,4032776729438934;1
15;79,19250476122173;1,2350435972984792;1
16;79,46080657885301;1,1185004483215188;1
17;79,43233885555371;1,3105283216374486;1
18;79,43255799128238;1,261793359277735;1
19;79,37596120899174;1,4691105059131908;1
20;79,4889754807041;1,3229043912108396;1
21;79,63009888997794;1,3062724365906908;1
22;79,61603436048226;1,062939701013308;1
23;79,7290685536245;1,3209366638321645;1
24;79,71498410269895;1,3871845924001325;1
25;79,9125250013945;1,3577077012275691;1
26;79,92662937374992;1,3527089800326717;1
27;79,9972309212466;1,2788089996883447;1
28;79,96902217653573;1,5511436617366725;1
29;79,9689624122461;1,5678828528358626;1
30;79,89838078617929;1,368656393814471;1
31;79,75713784832621;1,5826949222134166;1
32;79,82767963153323;1,4246605340922625;1
33;79,75705816260668;1,434319117578019;1
34;79,79947088682238;1,3961000409375046;1
35;79,70064067318496;1,5686285729571865;1
36;79,60177061668779;1,4757173420817722;1
37;79,60191006669695;1,3012955191547566;1
38;79,74303347597078;1,3388348620116188;1
39;79,74295379025125;1,325364327605825;1
40;79,70064067318496;1,3683382973718416;1
41;79,60189014526706;1,3370613978289774;1
42;79,53128859777037;1,2706378101754745;1
43;79,57360171483668;1,3734318343432623;1
44;79,74295379025125;1,3453398860426375;1
45;79,86997282716966;1,2358518581370894;1
46;79,68647653653989;1,360565818044703;1
47;79,72880957503605;1,4624263859360704;1
48;79,68653630082953;1,4325846358497931;1
49;79,79943104396261;1,3470941650015542;1
50;79,7853266716072;1,3021801490224103;1
1;70,63722677758919;1,905304900789185;2
2;72,85384443753836;1,703792706556138;2
3;74,09614480488952;1,7989744716178904;2
4;74,8727817487828;1,848466679405737;2
5;76,114743451826;1,6154602069658692;2
6;76,76442112309053;1,185856005343189;2
7;77,27251719219399;1,240136118202645;2
8;77,69602687002462;1,25387901702552;2
9;77,69610655574415;1,2906569667115817;2
10;77,73859896567936;1,5258770779179045;2
11;77,92215502059877;1,809749525192988;2
12;77,99277648952531;1,2593920888963308;2
13;78,33146071892456;1,4987183469467251;2
14;78,45826062011427;1,5687334290467512;2
15;78,51471795239577;1,5865786777405042;2
16;78,58537926418207;1,4891126215062067;2
17;78,69829392874503;1,3785740221878109;2
18;78,88192966938395;1,3889893605031864;2
19;78,4866287362642;1,3591547935185118;2
20;78,7548707896058;1,239612020412022;2
21;78,684289163539;1,1821898759671243;2
22;78,81146757189644;1,1595815380569354;2
23;78,88202927653334;1,150061541844013;2
24;78,8397958451866;1,3320164427282972;2
25;79,02327221438647;1,3551052338861145;2
26;79,1643757022304;1,3230679104961294;2
27;79,23487764257767;1,380505924926804;2
28;79,22077327022224;1,340274784224904;2
29;79,29137481771893;1,499298260368287;2
30;79,23493740686732;1,5054443142321694;2
31;79,16425617365113;1,4990450567937192;2
32;79,26304654442878;1,5190140694851588;2
33;79,02295347150837;1,5349375996944217;2
34;79,0654259600137;1,5489243013637335;2
35;78,93842684452521;1,533425352450538;2
36;78,96655590351655;1,5032717998525311;2
37;79,10771915565013;1,4076545293571967;2
38;78,98064035444206;1,4779011126269324;2
39;78,95235192401171;1,3812380286558101;2
40;79,06532635286429;1,3189818730348308;2
41;79,09357494043495;1,4445578389777485;2
42;79,02297339293825;1,3475119576865389;2
43;79,02303315722791;1,3968177355595344;2
44;79,26296685870925;1,3494961562350587;2
45;79,16401711649257;1,6360311593210255;2
46;79,12174384228604;1,5447956991366103;2
47;79,07947056807949;1,6749312562298475;2
48;79,02301323579802;1,5328710324660781;2
49;79,02299331436812;1,4485427556804364;2
50;79,22061389878321;1,336755529398617;2
1;71,89402994589341;2,19888341952164;3
2;73,75750041835003;1,6486334390749096;3
3;75,43759412875619;1,5124459633088119;3
4;76,07260962762862;1,7001462610393914;3
5;76,28435450582901;1,6089267276440486;3
6;76,42559744368211;1,4544633862355931;3
7;76,9053054752058;1,634890093788115;3
8;76,89116125999061;1,6498851667378889;3
9;76,91937000470145;1,6198010441336643;3
10;76,83472384913901;1,358977718705413;3
11;76,62307857808804;1,555811481993693;3
12;76,84886806435419;1,5566271887559233;3
13;76,80643541870863;1,4164563111043642;3
14;76,82073900536284;1,363184344370966;3
15;76,80657486871776;1,470591123924857;3
16;76,80659479014767;1,5178102060626273;3
17;76,7501972221558;1,4570026743895048;3
18;76,60909373431187;1,5491444110371455;3
19;76,55259655917062;1,6130385401926826;3
20;76,56672085295595;1,6582578162481159;3
21;76,66547138087384;1,6675308740488108;3
22;76,6796355175189;1,5276206181467047;3
23;76,60909373431187;1,4746832090242061;3
24;76,52436789302989;1,5311252524829555;3
25;76,51026352067446;1,449452738232189;3
26;76,63724271473309;1,5537340986645978;3
27;76,56674077438582;1,4178679581070692;3
28;76,52436789302989;1,343098837986593;3
29;76,48203485453372;1,344758920229128;3
30;76,46789063931854;1,2775151316136957;3
31;76,52438781445976;1,2922319537806255;3
32;76,56678061724558;1,3515362088416494;3
33;76,51028344210434;1,2574860375466397;3
34;76,60899412716249;1,4626619912851324;3
35;76,67949606750975;1,469549315706742;3
36;76,59490967623692;1,3547477216248807;3
37;76,5666610886663;1,5967607492561642;3
38;76,55257663774077;1,5447636579468362;3
39;76,52430812874023;1,5288975419819306;3
40;76,51014399209518;1,5685877460620647;3
41;76,52428820731036;1,5450921522764118;3
42;76,60891444144296;1,5941620203526403;3
43;76,65126740136901;1,6163414439845285;3
44;76,56650171722725;1,6894210778895449;3
45;76,52410891444143;1,587765995652824;3
46;76,46771134644959;1,4932527606244246;3
47;76,49592009116046;1,594212120063924;3
48;76,70764504793097;1,6366306824574892;3
49;76,59481006908753;1,5429741937315902;3
50;76,60881483429354;1,5633942760185269;3
1;64,53945638402142;2,5235898844048954;4
2;68,78849816324417;2,0538709671295865;4
3;70,15745898177586;1,5545637222519482;4
4;71,89424908162209;1,5341324041115123;4
5;72,75499430247106;1,6256245821377862;4
6;73,68656020654537;2,010566431623916;4
7;74,63250938299349;1,6598787860640198;4
8;75,53586654235694;1,788163549067059;4
9;76,36886121138231;2,027843812965523;4
10;77,17362721426694;1,81189596964706;4
11;77,79453834078394;2,0003109094391585;4
12;78,59918481508929;1,997958592393332;4
13;78,72638314487659;2,00951123586125;4
14;79,03683870813512;2,1324839046663056;4
15;79,68623747938132;2,1074093593011263;4
16;80,10974715721196;1,8150699781548405;4
17;80,60375877538986;1,7160922425739509;4
18;80,85799606352546;1,7501605157310571;4
19;81,19691935008328;1,4319174703868491;4
20;81,32393838700169;1,4542769168693428;4
21;81,7050353406166;1,4009145667511311;4
22;82,32610583857267;1,2073075848303714;4
23;82,2412604687114;1,401508690118643;4
24;82,38242372084498;1,3693686792502688;4
25;82,63668093041045;1,288872304250234;4
26;82,94733570796777;1,2591164758274007;4
27;83,08831966723244;1,323546563315325;4
28;83,00363366881021;1,4618798103309585;4
29;83,25761197835736;1,6157117912190675;4
30;83,48342138605341;1,7680027383799095;4
31;83,38463101527576;1,5941235247895824;4
32;83,52573450311971;1,5511920038118818;4
33;83,53995840405442;1,5687915313492915;4
34;83,7374793813201;1,593205059342602;4
35;83,92125457196815;1,4109936215040864;4
36;84,23178982094619;1,391915087864812;4
37;84,28808778178862;1,4126958285138669;4
38;84,3165953479477;1,2340181121611735;4
39;84,38707736686509;1,2366347949162215;4
40;84,69769230156263;1,1192795886563631;4
41;84,64117520499151;1,1939404240183478;4
42;84,62709075406595;1,3147855999243074;4
43;84,62709075406595;1,3495820667977676;4
44;84,6835082434877;1,3791471099399022;4
45;84,8105073589762;1,6243821702276122;4
46;84,95182998254883;1,4692731375719392;4
47;85,03661558812045;1,228182162638009;4
48;84,98025786298838;1,2699179910443101;4
49;84,82483086706031;1,3562593783529997;4
50;84,7965822794897;1,2994096725748678;4
1;69,07034655319421;1,8135753520022624;5
2;71,32935701592919;1,742024221616081;5
3;72,5997864422717;2,192846334835881;5
4;74,11042847011386;1,8662242003610447;5
5;75,19730184153698;1,6327005746908825;5
6;76,12910680276987;1,0766065878844584;5
7;77,08910058728375;1,5446362738891253;5
8;77,71019100666969;1,2178373515682352;5
9;77,96422908050648;1,2604552562979912;5
10;78,02078601993736;1,5151490414219508;5
11;78,23251097670787;1,5936027574937612;5
12;78,3456447769995;1,1893668532122486;5
13;78,76911461197041;1,3663126152194198;5
14;79,06544588144358;1,4032776729438934;5
15;79,19250476122173;1,2350435972984792;5
16;79,46080657885301;1,1185004483215188;5
17;79,43233885555371;1,3105283216374486;5
18;79,43255799128238;1,261793359277735;5
19;79,37596120899174;1,4691105059131908;5
20;79,4889754807041;1,3229043912108396;5
21;79,63009888997794;1,3062724365906908;5
22;79,61603436048226;1,062939701013308;5
23;79,7290685536245;1,3209366638321645;5
24;79,71498410269895;1,3871845924001325;5
25;79,9125250013945;1,3577077012275691;5
26;79,92662937374992;1,3527089800326717;5
27;79,9972309212466;1,2788089996883447;5
28;79,96902217653573;1,5511436617366725;5
29;79,9689624122461;1,5678828528358626;5
30;79,89838078617929;1,368656393814471;5
31;79,75713784832621;1,5826949222134166;5
32;79,82767963153323;1,4246605340922625;5
33;79,75705816260668;1,434319117578019;5
34;79,79947088682238;1,3961000409375046;5
35;79,70064067318496;1,5686285729571865;5
36;79,60177061668779;1,4757173420817722;5
37;79,60191006669695;1,3012955191547566;5
38;79,74303347597078;1,3388348620116188;5
39;79,74295379025125;1,325364327605825;5
40;79,70064067318496;1,3683382973718416;5
41;79,60189014526706;1,3370613978289774;5
42;79,53128859777037;1,2706378101754745;5
43;79,57360171483668;1,3734318343432623;5
44;79,74295379025125;1,3453398860426375;5
45;79,86997282716966;1,2358518581370894;5
46;79,68647653653989;1,360565818044703;5
47;79,72880957503605;1,4624263859360704;5
48;79,68653630082953;1,4325846358497931;5
49;79,79943104396261;1,3470941650015542;5
50;79,7853266716072;1,3021801490224103;5
51;79,6723123998948;1,3603720516318358;5
52;79,71458567410134;1,4485594418318597;5
53;79,81333620201923;1,4279750949780166;5
54;79,8840373566653;1,3918479380179274;5
55;79,85570908337517;1,4120673498252767;5
56;79,88387798522626;1,511827383804612;5
57;79,81331628058935;1,550367029523699;5
58;79,7709633206633;1,6676189790466192;5
59;79,7851075358785;1,6306214473203902;5
60;79,7851075358785;1,5497777396918015;5
61;79,81339596630887;1,5761570087668368;5
62;79,84148518244045;1,699509847398342;5
63;79,86977361287083;1,7123692680457614;5
64;79,8415449467301;1,7336784356949144;5
65;79,91214649422676;1,6118354112673363;5
66;79,94043492465714;1,568420142450789;5
67;79,96858390507838;1,5920975091355245;5
68;79,86985329859036;1,4430225457394967;5
69;79,82756010295395;1,3781612427290126;5
70;79,82748041723444;1,4861520277215967;5
71;79,75689879116761;1,5370466895221029;5
72;79,72855059644759;1,5657737872491535;5
73;79,74273465452256;1,559214655843761;5
74;79,74275457595246;1,457561470163753;5
75;79,72869004645679;1,526503263368007;5
76;79,70032193030687;1,4852085363759422;5
77;79,75677926258835;1,4874120389137981;5
78;79,82732104579539;1,6331343450280014;5
79;79,72853067501772;1,7146682042185126;5
80;79,72851075358784;1,731593214204482;5
81;79,78502785015897;1,7112134913666963;5
82;79,74267489023292;1,607667536140882;5
83;79,79913222251442;1,5303768784590075;5
84;79,81319675201006;1,5505571691091415;5
85;79,79909237965465;1,5395740815725445;5
86;79,7849880072992;1,6102204548529897;5
87;79,84146526101055;1,5794307525662732;5
88;79,75671949829871;1,5595278501736882;5
89;79,67201357844661;1,5264059425042715;5
90;79,71434661694278;1,5864584196927194;5
91;79,71434661694278;1,5207634453376302;5
92;79,71436653837266;1,5607672288410928;5
93;79,7284509892982;1,5909956025081309;5
94;79,67203349987648;1,5361980431913786;5
95;79,68615779366179;1,5395843935316231;5
96;79,71444622409219;1,5062191042257114;5
97;79,67209326416615;1,4974094518982082;5
98;79,71436653837266;1,5959676372761726;5
99;79,72849083215796;1,5595012086479154;5
100;79,74255536165363;1,5474492027020328;5
1;64,55344122779756;1,8032414735658688;6
2;69,16925645255114;2,3829150513569988;6
3;71,40021754201429;1,9400720129712268;6
4;73,19294701696509;1,95682572407187;6
5;74,94318408198066;1,733317662664732;6
6;75,97383917828088;1,3501608471796909;6
7;76,87721625907422;1,894759593847875;6
8;78,17561537296899;2,1012504061764146;6
9;78,5567720908736;2,1121685213915424;6
10;78,83929780943956;1,7355726160312488;6
11;79,5310694620417;1,3699766466724437;6
12;79,60181045954755;1,578205780802962;6
13;80,19467221279272;1,1535110796014203;6
14;80,87247894304863;1,512369092041835;6
15;80,82996661168352;1,1877824377417483;6
16;81,33846110938458;1,2950042320119473;6
17;81,71953814156964;1,124855492829168;6
18;81,6771851816436;1,1529896003139286;6
19;81,70561306208316;1,1976342994122064;6
20;82,19956491597141;0,9276576140863112;6
21;82,5381096953615;0,7588035467061547;6
22;82,84882423720845;0,7100409705125564;6
23;83,03234044926808;0,7511650772972039;6
24;83,22994111225327;0,7487935772135349;6
25;83,22990126939352;0,8015325238417916;6
26;83,80881802172233;0,9914959574437472;6
27;84,00643860613741;1,058652961558198;6
28;83,93581713721085;0,9673264107899888;6
29;84,07688078219502;0,9847610883190024;6
30;84,10502976261624;1,1056468285824341;6
31;84,26035715139491;1,0905263748308809;6
32;84,35926705075185;1,1063440630591848;6
33;84,37325189452798;1,0324387954296852;6
34;84,65569792737443;0,9096806233961036;6
35;84,5850764584479;0,9843303208680356;6
36;84,86748264843456;1,0958771676472514;6
37;84,79672172949887;1,0666583438413149;6
38;84,99430247105416;1,0776994810264042;6
39;85,0225311371949;0,8145119793469192;6
40;85,050700039046;0,7356190532376362;6
41;85,07894862661662;0,9330232363124856;6
42;84,95194951112809;0,8269689673040096;6
43;85,1635947821791;0,9967662449054822;6
44;85,27644968245241;1,1065705571011475;6
45;85,29053413337795;1,098555963781298;6
46;85,27644968245241;1,1818501639914818;6
47;85,33290701473389;1,2304745172149607;6
48;85,43173722837129;1,1137996093793063;6
49;85,67175061557218;1,1891491763313295;6
50;85,77062067206936;1,061610035723344;6
1;70,14325500227105;1,5998171192373285;7
2;71,47042066091336;1,6931154700630815;7
3;71,893930338744;1,7487958940382156;7
4;73,06586821575706;1,5968005156070764;7
5;73,79965416397727;1,6141979882244741;7
6;74,53393814794451;1,3474654085194455;7
7;74,85879690500666;1,367145320344137;7
8;75,07048201891739;1,5183577542633375;7
9;75,32461969990358;1,6749005598410809;7
10;75,40946506976485;1,340123073146121;7
11;75,64937884981633;1,4967982983546944;7
12;75,67758759452718;1,5054934937060185;7
13;75,87508865036297;1,6254399661416383;7
14;75,97383917828088;1,6189478045048704;7
15;75,80424804570774;1,6430091143835104;7
16;75,87496912178369;1,5668458396354148;7
17;75,90329739507385;1,4019766130667617;7
18;76,11500243041446;1,4037796141939551;7
19;76,08665423569441;1,3634308825195178;7
20;76,21373303690245;1,1799363611520746;7
21;76,0867737642737;1,3180514832588996;7
22;76,18566374220076;1,275139190829779;7
23;76,12916656705954;1,3895553747440792;7
24;76,0867737642737;1,444912758283383;7
25;76,07260962762862;1,4789099665433312;7
26;75,98802323635582;1,4710886345761698;7
27;75,93152606121456;1,3273954438963762;7
28;75,91748145314878;1,3522906936536014;7
29;75,7904424948005;1,4378558726974549;7
30;75,91744161028903;1,4200142164726797;7
31;75,64923939980717;1,4276465670421683;7
32;75,66326408644308;1,3964529223253608;7
33;75,60690636131099;1,428249376197249;7
34;75,62085136222737;1,4704271918419376;7
35;75,46568334488776;1,4589477702903133;7
36;75,59264261751652;1,273571527686935;7
37;75,47974787438343;1,2773503563828394;7
38;75,35264915174552;1,3593471264141002;7
39;75,42325069924219;1,318123611613607;7
40;75,31033603467922;1,3444915083205529;7
41;75,31037587753899;1,2882343068580528;7
42;75,21148589961194;1,383800641413859;7
43;75,29615197660428;1,3760263387946947;7
44;75,08440709840389;1,3156918130093824;7
45;75,14090427354516;1,4157283374142748;7
46;75,12674013690004;1,5021747528367737;7
47;75,08430749125448;1,4791124872660422;7
48;75,1267002940403;1,5888305147125772;7
49;75,16901341110659;1,5971408927282456;7
50;75,16901341110659;1,6624994296393247;7
1;62,95803351581362;2,4048847097468387;8
2;67,82810595013268;2,384229733193874;8
3;70,14379288087783;1,7266693683224292;8
4;71,89426900305195;2,2567040504517317;8
5;73,54565593300025;1,7603673992716369;8
6;75,09849154932945;1,684942721227527;8
7;76,10083829376939;2,0607388868232808;8
8;77,24418891890384;2,198029468625728;8
9;77,69568820571666;1,9930928084191264;8
10;78,21822731148352;2,1292622006815214;8
11;78,82529304423355;1,4013157445752942;8
12;78,93848660881484;1,3547665428957478;8
13;79,88431625668366;1,1341531189355574;8
14;80,26543313172844;1,2943544749189535;8
15;80,20881642800794;1,1070573844836746;8
16;80,71721131855959;1,1357922268396536;8
17;80,78795231606543;1,3324983273952211;8
18;81,3384411879547;0,9451891883605243;8
19;81,18329309204498;1,119187062256895;8
20;81,70553337636362;0,9975032649270456;8
21;81,959471843051;0,6872721757794971;8
22;82,18544062218609;0,8196153718919772;8
23;82,32664371717944;0,8808200293489372;8
24;82,50998063637016;0,8891579705217059;8
25;82,69343708414016;0,9311102306832794;8
26;83,03234044926808;1,0295978448064842;8
27;82,96171898034153;0,8494627799840295;8
28;83,14521527097129;0,8425841299507301;8
29;83,32869164017116;0,9776288625395692;8
30;83,34277609109671;1,0636997783112514;8
31;83,56862534165252;1,195503246633289;8
32;83,62510259536387;1,2876510547134203;8
33;83,66743563386004;1,1784495665011991;8
34;83,6110579872981;1,256010337188153;8
35;83,70982843664588;1,2149817211411924;8
36;83,97795096140821;1,0857493669348472;8
37;83,9356577657718;0,9582404373274369;8
38;83,97791111854845;0,8917626146153333;8
39;83,90734941391153;1,0096259244751455;8
40;83,99207525519353;1,1587769205153264;8
41;83,87898129776164;0,9962221993112326;8
42;83,86483708254643;1,1420444180279876;8
43;83,82252396548013;1,122421404659386;8
44;83,83652873068618;1,3197308423116083;8
45;83,8930458272573;1,2016221859486014;8
46;83,94966253097782;1,294582916776277;8
47;83,9496824524077;1,3079862209780957;8
48;84,06239790267186;1,3643665971399117;8
49;84,16126795916904;1,4764142203070854;8
50;84,28832683894719;1,3454203727914178;8
1;74,95730837576598;1,7801656105130033;9
2;75,54989122899285;1,8470460635539019;9
3;75,42305148494339;1,9824514003699247;9
4;75,62081151936763;1,781302222311444;9
5;75,86076514227884;1,7631266080005588;9
6;75,91722247456033;1,646551416466434;9
7;76,0301371391233;1,7135489963008368;9
8;76,00188855155268;1,7064444341691236;9
9;75,83253647613813;1,736470596240305;9
10;75,91722247456033;1,6506684125023974;9
11;75,67732861593873;1,5014201209714868;9
12;75,76191500721156;1,5079153273019734;9
13;75,79020343764195;1,3783001350962014;9
14;75,6631246364339;1,3708547679224286;9
15;75,84668069135331;1,5131609588990669;9
16;75,84666076992342;1,4277597423301471;9
17;75,7337062625007;1,4451892954554324;9
18;75,67716924449971;1,539315260669859;9
19;75,7759197724176;1,6514765575285644;9
20;75,86064561369956;1,6332615381321278;9
21;75,81829265377353;1,539844016126055;9
22;75,74777079199637;1,5824124641377713;9
23;75,80418828141808;1,779988758201532;9
24;75,8465810842039;1,7546570801064518;9
25;75,80420820284797;1,7597886238803797;9
26;75,79016359478217;1,7924578525581;9
27;75,63483620600351;1,7392962530246419;9
28;75,69133338114476;1,5736618856857356;9
29;75,63485612743341;1,7580061025983986;9
30;75,63487604886329;1,6254926392859872;9
31;75,67724893021922;1,6572972283992409;9
32;75,70545767493007;1,6010559665670017;9
33;75,77599945813711;1,6664303973416499;9
34;75,63487604886329;1,6684131792703147;9
35;75,6631246364339;1,678820792293208;9
36;75,53606575665573;1,652317670373982;9
37;75,62075175507798;1,7449625690148247;9
38;75,60656769700303;1,834687304018182;9
39;75,62075175507798;1,7400032478976395;9
40;75,59256293179698;1,662957362439098;9
41;75,66310471500401;1,716975962811151;9
42;75,59248324607745;1,6721400674608125;9
43;75,55009044329168;1,7495925271333614;9
44;75,50777732622538;1,6787637058192182;9
45;75,57835895229216;1,5777148393581637;9
46;75,50779724765525;1,5650614716376203;9
47;75,52194146287043;1,6202140603383717;9
48;75,55020997187094;1,71084995332392;9
49;75,59252308893724;1,7045110195795263;9
50;75,63487604886329;1,5980844769976241;9
1;69,05634178798817;1,5498312754888963;10
2;71,15972604049628;2,0074097479365998;10
3;72,78360147577952;1,8323550669344209;10
4;74,09648346919748;1,5537870870660864;10
5;75,09847162789956;1,7739231773933082;10
6;75,71978118301418;1,2390908619916352;10
7;76,76442112309053;1,3821925748082988;10
8;77,59703728494817;1,3688411344229563;10
9;77,80888177029794;1,6023594428103063;10
10;78,14780505685576;1,5004166165086676;10
11;78,24667511335294;1,5443268882166423;10
12;78,40208218785112;1,2756637713613217;10
13;78,8396763166073;1,1979103099424877;10
14;79,09369446901421;1,535898813942576;10
15;79,39014526706669;1,2993730510587371;10
16;79,43257791271228;1,289354077712294;10
17;79,51716430398508;1,2987528166923858;10
18;79,5736814005562;1,4442733616344825;10
19;79,61613396763167;1,5381946939404882;10
20;79,75727729833537;1,4154973521896894;10
21;79,6865761436893;1,3255017155755424;10
22;79,72904863219462;1,177816710953905;10
23;79,77134182783105;1,3335590658937106;10
24;79,85616727626244;1,47816863599266;10
25;80,01133529360203;1,4769377907155183;10
26;80,13841409481006;1,456446621469634;10
27;80,20899572087686;1,4697752103108541;10
28;80,15261807431492;1,4462370562280424;10
29;80,09602129202428;1,505076188302896;10
30;80,06783246874328;1,3909019317605409;10
31;79,9265696094603;1,5503623187685462;10
32;80,01125560788252;1,427898603839184;10
33;79,96880304080706;1,333855043668111;10
34;79,94069390324559;1,5312443576007702;10
35;79,81361510203756;1,487061465217655;10
36;79,95483811846078;1,3909017542230595;10
37;79,88423657096412;1,397971782186083;10
38;79,88411704238483;1,2601536019060355;10
39;79,8275800243838;1,3301698781647089;10
40;79,92645008088101;1,3029099637209414;10
41;79,74295379025125;1,2549911672400222;10
42;79,74289402596159;1,2942849745512026;10
43;79,8275800243838;1,335253366282689;10
44;79,9687631979473;1,3612912196094542;10
45;79,95457913987234;1,2757119878514402;10
46;80,01113607930324;1,3256871820500895;10
47;79,954638904162;1,4731128923667451;10
48;79,85578876909469;1,3266074469994866;10
49;79,9122062585164;1,3207317213850591;10
50;80,05340935350975;1,4294750983030613;10
1;68,87270604734925;1,8593369110529168;11
2;71,80914473317237;1,809222842504923;11
3;72,99518698254086;1,8240994806219584;11
4;74,3927948172408;1,795718634844767;11
5;75,33848501510045;1,6354008679972336;11
6;76,32678715147459;1,210121662221978;11
7;77,28658172168966;1,4883385517481975;11
8;77,75238459515671;1,294616034719997;11
9;78,13360107735092;1,2954050185618409;11
10;78,19021778107145;1,3592561616783008;11
11;78,48674826484346;1,6302138234800048;11
12;78,67038400548238;1,3457570699612666;11
13;78,95251129545075;1,5392855094602478;11
14;79,07951041093926;1,4832153847681562;11
15;79,16433585937064;1,4758569324034063;11
16;79,34783215000041;1,338692117472846;11
17;79,4888758735547;1,4685842688307982;11
18;79,68659606511915;1,5006443671377;11
19;79,40416995370259;1,5896248520642922;11
20;79,48895555927422;1,476494345226912;11
21;79,47471173690963;1,5037490467778292;11
22;79,55953718534101;1,2413317260191423;11
23;79,53130851920027;1,4241736682753046;11
24;79,60187022383721;1,475486786823253;11
25;79,64428294805288;1,5164607463724458;11
26;79,74309324026041;1,4651090577946426;11
27;79,644263026623;1,4125559460579815;11
28;79,70070043747461;1,5448802431827102;11
29;79,75717769118594;1,5366856567303262;11
30;79,72900878933488;1,3402945396117858;11
31;79,61605428191214;1,7039634264346335;11
32;79,72890918218545;1,4252490202236274;11
33;79,81357525917781;1,3732093319216774;11
34;79,67239208561435;1,4053300740750436;11
35;79,57360171483668;1,4756469813747664;11
36;79,47483126548892;1,3745296727737186;11
37;79,44666236363781;1,2501988751625053;11
38;79,53122883348075;1,2802189863465343;11
39;79,61593475333284;1,263220820336138;11
40;79,44648307076889;1,352206682877256;11
41;79,40420979656236;1,3790194959058122;11
42;79,30535966149506;1,3581985688607596;11
43;79,39000581705753;1,3876111823953932;11
44;79,47475157976939;1,3728360199539758;11
45;79,62995943996877;1,425927231697276;11
46;79,46058744312434;1,4165939746595182;11
47;79,6300192042584;1,4603538516036758;11
48;79,57354195054705;1,3599569140187204;11
49;79,55937781390195;1,3440290171408769;11
50;79,60183038097742;1,3865925116633406;11
1;69,1972659829632;2,2247616868176374;12
2;71,41400317149163;1,6066350054424958;12
3;72,78348194720023;1,7800435438006192;12
4;74,05399105926227;1,9533190807972736;12
5;74,92917931677465;1,4538797839101238;12
6;76,213972094061;1,1671479699090392;12
7;77,13135394006041;1,5833612702225643;12
8;77,85127457308376;1,2338405824677157;12
9;78,09136764600416;1,3832523248391169;12
10;78,06307921557378;1,4087932152636493;12
11;78,51495700955431;1,5537666003729829;12
12;78,61400635892042;1,289922893444846;12
13;79,06550564573324;1,4148072869959034;12
14;79,19252468265162;1,515113490667097;12
15;79,23483779971792;1,3192019637511598;12
16;79,37620026615029;1,1882098031185957;12
17;79,4041500322727;1,3001852567981278;12
18;79,54545273441545;1,2454822002539818;12
19;79,43235877698358;1,5446627624293472;12
20;79,77130198497126;1,2975337591065568;12
21;79,79955057254189;1,2147586580999763;12
22;79,75731714119513;1,2781548501709756;12
23;79,8279186886918;1,3291575388776706;12
24;79,81385415919613;1,40987523045289;12
25;79,88429633525375;1,359660837465636;12
26;79,91244531567497;1,3344006816411529;12
27;79,89838078617932;1,3602910749322084;12
28;80,01135521503191;1,5195026330128232;12
29;80,05366833209821;1,5430057119527734;12
30;80,0395440383129;1,4210815981223024;12
31;79,79953065111201;1,4767988889924928;12
32;79,84184376817831;1,4808469804700075;12
33;79,94057437466631;1,3682109044020732;12
34;79,81357525917781;1,4331057114078725;12
35;79,79951072968213;1,360079432112015;12
36;79,7006805160447;1,5193382353874516;12
37;79,71486457411967;1,3223850758465268;12
38;79,7853266716072;1,3422726735691983;12
39;79,67237216418445;1,3364941256577172;12
40;79,63005904711817;1,3735573851141332;12
41;79,63005904711817;1,4657066101184553;12
42;79,53120891205087;1,382249136667329;12
43;79,72888926075558;1,4971740274277567;12
44;79,88409712095495;1,4256055024245804;12
45;79,85592821910386;1,332551290336571;12
46;79,82765971010333;1,4995411994532466;12
47;79,95465882559186;1,6394075187071884;12
48;79,84176408245878;1,5164598538172167;12
49;79,89812180759084;1,3810885121172325;12
50;79,85584853338433;1,3487857942111587;12
1;68,92918330106062;1,9488147575219927;13
2;71,24429251033922;1,9831894413890336;13
3;72,58566214848638;2,0824726335632433;13
4;73,87057445435204;1,6810759488416094;13
5;75,01382547233709;1,625157191282393;13
6;76,11496258755469;1,0739214442478224;13
7;76,93367359135569;1,4410563497842357;13
8;77,69598702716486;1,3031950841921205;13
9;77,86537894543919;1,3582606698154298;13
10;77,99259719665639;1,4043554937762823;13
11;78,31723681798985;1,5428423780754634;13
12;78,47278334249721;1,1494977004978824;13
13;78,85392013897192;1,3058406440342682;13
14;79,06534627429419;1,4080437622690094;13
15;79,20654936928753;1,3042094498150816;13
16;79,43247830556284;1,3995371143073343;13
17;79,30535966149506;1,4840008297150429;13
18;79,57362163626657;1,4450450541073472;13
19;79,5735817934068;1,576413239225117;13
20;79,65844708469795;1,2516219201382721;13
21;79,67245184990398;1,3461940867372768;13
22;79,65844708469795;1,1671990359457884;13
23;79,63027818284684;1,2879731144539242;13
24;79,68673551512833;1,3007144698941997;13
25;79,84198321818748;1,353478871994004;13
26;79,95489788275043;1,2732001168043945;13
27;79,9125250013945;1,2437215040526342;13
28;80,0396237240324;1,4036523014844131;13
29;79,85604774768315;1,417115566115153;13
30;79,87019196289833;1,236919023412097;13
31;79,65832755611866;1,610568183044688;13
32;79,78538643589683;1,4686705752585278;13
33;79,82765971010333;1,3856458407239287;13
34;79,81365494489731;1,5086297089993383;13
35;79,67245184990398;1,4898981242350433;13
36;79,70064067318496;1,4315653188060042;13
37;79,64430286948277;1,299677364418261;13
38;79,70076020176423;1,26705696186057;13
39;79,61593475333284;1,2239314401862889;13
40;79,55943757819162;1,3461576558430597;13
41;79,5453929701258;1,2577661769321018;13
42;79,36181699377656;1,299407666993779;13
43;79,53120891205087;1,3266621920256236;13
44;79,71470520268062;1,3271058420033168;13
45;79,86999274859951;1,330415645778557;13
46;79,70066059461483;1,3534145249137408;13
47;79,75709800546645;1,4217281116126053;13
48;79,77120237782188;1,3497192778810192;13
49;79,75705816260668;1,30209271632791;13
50;79,8275800243838;1,3151341139424189;13
1;69,0136900066139;2,19522692460522;14
2;71,30104866406892;1,847609257512544;14
3;72,44453873921255;1,9385923342794604;14
4;74,05397113783239;1,6011069400804128;14
5;74,98549719904696;1,5756761148137717;14
6;76,10085821519925;1,2723450128838;14
7;77,1453985481262;1,6784251637515286;14
8;77,48426207039438;1,3450765249376369;14
9;77,85131441594352;1,3083543617580848;14
10;78,0207660985075;1,3711983754993535;14
11;78,38789812977615;1,6313431673661314;14
12;78,61398643749055;1,2661485568743012;14
13;78,89625317746807;1,5228974433961506;14
14;79,05130166622841;1,442625998184233;14
15;79,13602750751038;1,4900138124378726;14
16;79,27727044536348;1,336444664002861;14
17;79,43235877698358;1,4786395448598897;14
18;79,67247177133385;1,4383924212515464;14
19;79,51716430398508;1,537654656922666;14
20;79,65834747754855;1,3907315828468159;14
21;79,60192998812683;1,1793089893611712;14
22;79,67255145705337;1,1892542420008936;14
23;79,7149442598392;1,3538597299487525;14
24;79,72898886790499;1,378064712556819;14
25;79,82787884583203;1,4399362550375243;14
26;79,95489788275043;1,2730970524331302;14
27;79,94075366753523;1,3388603336857596;14
28;80,08195676252858;1,3449516870631937;14
29;80,01131537217215;1,4727623365813023;14
30;79,96902217653573;1,3579535235118378;14
31;79,85596806196362;1,5694785716746784;14
32;79,84178400388865;1,457816349874561;14
33;79,96884288366681;1,5093374753631676;14
34;79,85596806196361;1,5050222494643497;14
35;79,79945096539251;1,5282869439622997;14
36;79,67237216418445;1,4354667837874278;14
37;79,65840724183819;1,327904525624667;14
38;79,75711792689631;1,2306958385565068;14
39;79,7288693393257;1,2364615738461953;14
40;79,61591483190298;1,4296414997465512;14
41;79,48885595212481;1,4541208149727292;14
42;79,47473165833952;1,4376721503412722;14
43;79,68655622225941;1,3849756933199284;14
44;79,78538643589683;1,339857215019827;14
45;79,77120237782188;1,3723001145600306;14
46;79,64420326233335;1,5154635286631868;14
47;79,70064067318496;1,4983295893520183;14
48;79,54535312726604;1,4784355855637648;14
49;79,74287410453172;1,3935976195584374;14
50;79,77116253496213;1,3712612611601138;14
1;68,70327428621515;2,0851465020390583;15
2;71,78085630274198;2,3031334706212245;15
3;73,6866398922649;2,136167295691526;15
4;74,64643446247999;1,8479169203498391;15
5;76,08663431426454;1,8845126684626212;15
6;76,60851601284534;2,1136635331010507;15
7;77,03214521925527;2,0252304437034083;15
8;77,80878216314855;1,458133286073434;15
9;78,35913158502866;1,731819452081497;15
10;78,35923119217804;1,4987220106227483;15
11;78,76861657622338;1,562122983908366;15
12;78,99442598391941;1,5944864976231388;15
13;79,022515200051;1,7704874882684851;15
14;78,95217263114277;1,5646398624842572;15
15;79,36147832946857;1,6270851651827165;15
16;79,71432669551291;1,5005128738227012;15
17;79,6154765604456;1,7745893576085647;15
18;79,68619763652156;1,5845450760445243;15
19;79,85578876909469;1,5782970410654331;15
20;79,84162463244961;1,6674345717713572;15
21;80,01083725785502;1,7173274479691434;15
22;79,8697935343007;1,518834181473962;15
23;79,86991306288;1,695179050343837;15
24;79,92621102372244;1,6797350674920677;15
25;79,74281434024209;1,5697427970927225;15
26;79,9122261799463;1,4501320270084062;15
27;79,94041500322726;1,5158057270521934;15
28;80,08157825536084;1,6120280006040082;15
29;79,99685241407887;1,7389206033405578;15
30;79,96852414078872;1,7123235940850892;15
31;80,03910576685554;1,7679905003642198;15
32;80,06733443299626;1,6931350446812266;15
33;79,95439984700342;1,7220417162963988;15
34;79,98250898456487;1,7359405104822208;15
35;79,85547002621661;1,8949080228282005;15
36;79,81313698772044;1,826641465845272;15
37;79,98256874885452;1,715982067835404;15
38;80,0248818659208;1,6700228160463249;15
39;80,06713521869746;1,860037661391209;15
40;80,03898623827624;1,7145390584025149;15
41;80,12365231526856;1,7938635305220985;15
42;79,92597196656386;1,7956542278287382;15
43;79,84142541815082;1,74006949735282;15
44;79,9119871227877;1,7981908685336343;15
45;79,89778314328287;1,876632447263339;15
46;79,86963416286167;1,7231021906299648;15
47;79,78486847871994;1,746386403244781;15
48;79,94023571035834;1,8255651755255264;15
49;80,01077749356539;1,8853438740984532;15
50;79,96838469077956;2,0243532792941057;15
1;69,00034264859394;1,086830376373193;16
2;71,24534834612291;1,635063827726989;16
3;73,36227917094979;1,5678594999007194;16
4;74,75974755564056;1,5324766791790854;16
5;75,63513502745171;1,4855485666513104;16
6;76,51018383495494;1,1947085888543312;16
7;76,82091829823176;1,2432915009495875;16
8;77,30094507263351;1,453861222540952;16
9;77,68218147625764;1,4652340943918214;16
10;77,7948969265218;1,4223035296513589;16
11;78,23233168383894;1,7561628794738071;16
12;78,55705099089192;1,7499318300676492;16
13;78,811208593308;1,294957693096363;16
14;78,88184998366444;1,4425009136980271;16
15;79,27699154534515;1,505103429025597;16
16;79,12162431370675;1,7278777791825182;16
17;79,26266803726105;1,7062958129852974;16
18;79,43211971982502;1,8398812580992316;16
19;79,62964069709068;2,042306456211416;16
20;79,72851075358784;2,002128447262647;16
21;79,65790920609119;2,02147212515592;16
22;79,68617771509167;1,965557059140204;16
23;79,62958093280103;2,128868840640017;16
24;79,46016909309681;2,0279287475110164;16
25;79,62950124708149;2,085408276485653;16
26;79,68599842222275;2,0448410012942038;16
27;79,84124612528188;2,103129339819395;16
28;79,88367877092746;1,996749588169898;16
29;79,88365884949758;2,142441859452062;16
30;79,75658004828955;2,028049166693055;16
31;79,91186759420845;2,2778913336091597;16
32;79,89782298614266;2,178984697138745;16
33;79,7001824802977;2,060643180991921;16
34;79,8414453395807;2,181934143836959;16
35;79,7707441849346;2,2115934286097247;16
36;79,64368530515647;2,0940245501230104;16
37;79,67193389272708;1,9977285744962352;16
38;79,62960085423092;1,8680786153103208;16
39;79,53081048345327;1,8438113166949919;16
40;79,67203349987648;1,8503766799415813;16
41;79,67209326416615;1,7575183938493464;16
42;79,72853067501772;1,857420066984405;16
43;79,70024224458734;1,861106285088849;16
44;79,71424700979338;1,883961970774028;16
45;79,65784944180153;1,8018012592234416;16
46;79,70022232315745;1,7317430137673002;16
47;79,68621755795144;1,5459840635501698;16
48;79,67197373558685;1,701318762544792;16
49;79,70032193030687;1,7660206203444355;16
50;79,55911883531353;1,7653261962637292;16
1;69,07034655319421;1,8135753520022624;17
2;71,32935701592919;1,742024221616081;17
3;72,5997864422717;2,192846334835881;17
4;74,11042847011386;1,8662242003610447;17
5;75,19730184153698;1,6327005746908825;17
6;76,12910680276987;1,0766065878844584;17
7;77,08910058728375;1,5446362738891253;17
8;77,71019100666969;1,2178373515682352;17
9;77,96422908050648;1,2604552562979912;17
10;78,02078601993736;1,5151490414219508;17
11;78,23251097670787;1,5936027574937612;17
12;78,3456447769995;1,1893668532122486;17
13;78,76911461197041;1,3663126152194198;17
14;79,06544588144358;1,4032776729438934;17
15;79,19250476122173;1,2350435972984792;17
16;79,46080657885301;1,1185004483215188;17
17;79,43233885555371;1,3105283216374486;17
18;79,43255799128238;1,261793359277735;17
19;79,37596120899174;1,4691105059131908;17
20;79,4889754807041;1,3229043912108396;17
21;79,63009888997794;1,3062724365906908;17
22;79,61603436048226;1,062939701013308;17
23;79,7290685536245;1,3209366638321645;17
24;79,71498410269895;1,3871845924001325;17
25;79,9125250013945;1,3577077012275691;17
26;79,92662937374992;1,3527089800326717;17
27;79,9972309212466;1,2788089996883447;17
28;79,96902217653573;1,5511436617366725;17
29;79,9689624122461;1,5678828528358626;17
30;79,89838078617929;1,368656393814471;17
31;79,75713784832621;1,5826949222134166;17
32;79,82767963153323;1,4246605340922625;17
33;79,75705816260668;1,434319117578019;17
34;79,79947088682238;1,3961000409375046;17
35;79,70064067318496;1,5686285729571865;17
36;79,60177061668779;1,4757173420817722;17
37;79,60191006669695;1,3012955191547566;17
38;79,74303347597078;1,3388348620116188;17
39;79,74295379025125;1,325364327605825;17
40;79,70064067318496;1,3683382973718416;17
41;79,60189014526706;1,3370613978289774;17
42;79,53128859777037;1,2706378101754745;17
43;79,57360171483668;1,3734318343432623;17
44;79,74295379025125;1,3453398860426375;17
45;79,86997282716966;1,2358518581370894;17
46;79,68647653653989;1,360565818044703;17
47;79,72880957503605;1,4624263859360704;17
48;79,68653630082953;1,4325846358497931;17
49;79,79943104396261;1,3470941650015542;17
50;79,7853266716072;1,3021801490224103;17
1;69,07034655319421;1,8135753520022624;18
2;71,32935701592919;1,742024221616081;18
3;72,5997864422717;2,192846334835881;18
4;74,11042847011386;1,8662242003610447;18
5;75,19730184153698;1,6327005746908825;18
6;76,12910680276987;1,0766065878844584;18
7;77,08910058728375;1,5446362738891253;18
8;77,71019100666969;1,2178373515682352;18
9;77,96422908050648;1,2604552562979912;18
10;78,02078601993736;1,5151490414219508;18
11;78,23251097670787;1,5936027574937612;18
12;78,3456447769995;1,1893668532122486;18
13;78,76911461197041;1,3663126152194198;18
14;79,06544588144358;1,4032776729438934;18
15;79,19250476122173;1,2350435972984792;18
16;79,46080657885301;1,1185004483215188;18
17;79,43233885555371;1,3105283216374486;18
18;79,43255799128238;1,261793359277735;18
19;79,37596120899174;1,4691105059131908;18
20;79,4889754807041;1,3229043912108396;18
21;79,63009888997794;1,3062724365906908;18
22;79,61603436048226;1,062939701013308;18
23;79,7290685536245;1,3209366638321645;18
24;79,71498410269895;1,3871845924001325;18
25;79,9125250013945;1,3577077012275691;18
26;79,92662937374992;1,3527089800326717;18
27;79,9972309212466;1,2788089996883447;18
28;79,96902217653573;1,5511436617366725;18
29;79,9689624122461;1,5678828528358626;18
30;79,89838078617929;1,368656393814471;18
31;79,75713784832621;1,5826949222134166;18
32;79,82767963153323;1,4246605340922625;18
33;79,75705816260668;1,434319117578019;18
34;79,79947088682238;1,3961000409375046;18
35;79,70064067318496;1,5686285729571865;18
36;79,60177061668779;1,4757173420817722;18
37;79,60191006669695;1,3012955191547566;18
38;79,74303347597078;1,3388348620116188;18
39;79,74295379025125;1,325364327605825;18
40;79,70064067318496;1,3683382973718416;18
41;79,60189014526706;1,3370613978289774;18
42;79,53128859777037;1,2706378101754745;18
43;79,57360171483668;1,3734318343432623;18
44;79,74295379025125;1,3453398860426375;18
45;79,86997282716966;1,2358518581370894;18
46;79,68647653653989;1,360565818044703;18
47;79,72880957503605;1,4624263859360704;18
48;79,68653630082953;1,4325846358497931;18
49;79,79943104396261;1,3470941650015542;18
50;79,7853266716072;1,3021801490224103;18
1;64,53945638402142;2,5235898844048954;19
2;68,78849816324417;2,0538709671295865;19
3;70,15745898177586;1,5545637222519482;19
4;71,89424908162209;1,5341324041115123;19
5;72,75499430247106;1,6256245821377862;19
6;73,68656020654537;2,010566431623916;19
7;74,63250938299349;1,6598787860640198;19
8;75,53586654235694;1,788163549067059;19
9;76,36886121138231;2,027843812965523;19
10;77,17362721426694;1,81189596964706;19
11;77,79453834078394;2,0003109094391585;19
12;78,59918481508929;1,997958592393332;19
13;78,72638314487659;2,00951123586125;19
14;79,03683870813512;2,1324839046663056;19
15;79,68623747938132;2,1074093593011263;19
16;80,10974715721196;1,8150699781548405;19
17;80,60375877538986;1,7160922425739509;19
18;80,85799606352546;1,7501605157310571;19
19;81,19691935008328;1,4319174703868491;19
20;81,32393838700169;1,4542769168693428;19
21;81,7050353406166;1,4009145667511311;19
22;82,32610583857267;1,2073075848303714;19
23;82,2412604687114;1,401508690118643;19
24;82,38242372084498;1,3693686792502688;19
25;82,63668093041045;1,288872304250234;19
26;82,94733570796777;1,2591164758274007;19
27;83,08831966723244;1,323546563315325;19
28;83,00363366881021;1,4618798103309585;19
29;83,25761197835736;1,6157117912190675;19
30;83,48342138605341;1,7680027383799095;19
31;83,38463101527576;1,5941235247895824;19
32;83,52573450311971;1,5511920038118818;19
33;83,53995840405442;1,5687915313492915;19
34;83,7374793813201;1,593205059342602;19
35;83,92125457196815;1,4109936215040864;19
36;84,23178982094619;1,391915087864812;19
37;84,28808778178862;1,4126958285138669;19
38;84,3165953479477;1,2340181121611735;19
39;84,38707736686509;1,2366347949162215;19
40;84,69769230156263;1,1192795886563631;19
41;84,64117520499151;1,1939404240183478;19
42;84,62709075406595;1,3147855999243074;19
43;84,62709075406595;1,3495820667977676;19
44;84,6835082434877;1,3791471099399022;19
45;84,8105073589762;1,6243821702276122;19
46;84,95182998254883;1,4692731375719392;19
47;85,03661558812045;1,228182162638009;19
48;84,98025786298838;1,2699179910443101;19
49;84,82483086706031;1,3562593783529997;19
50;84,7965822794897;1,2994096725748678;19
51;84,74014486863808;1,2041857665166642;19
52;84,85311929749071;1,1786676219125467;19
53;85,0789685480465;1,0868248949519197;19
54;85,16363462503884;1,0011610211476356;19
55;85,14945056696389;1,1297543887344546;19
56;85,20594774210514;1,0832301469389325;19
57;85,14945056696389;1,3076706130220197;19
58;85,30479787717245;1,2926258051574973;19
59;85,30481779860231;1,5548050433179754;19
60;85,34725044424789;1,377887612975082;19
61;85,3612751308838;1,3434959010616194;19
62;85,5307865777374;1,2988069384266077;19
63;85,40372769795925;1,318995058468347;19
64;85,50257783302655;1,2743461200543884;19
65;85,43199620695975;1,1203393154010433;19
66;85,44602089359566;1,0948915948694635;19
67;85,60128851808467;1,224265163372473;19
68;85,61533312615046;1,3528962079342202;19
69;85,53070689201789;1,3938051595646797;19
70;85,41783207031469;1,3862709239119928;19
71;85,57313953766345;1,385356448653025;19
72;85,44608065788529;1,545135614102619;19
73;85,53080649916728;1,5361677078846994;19
74;85,67194982987098;1,5233332054360802;19
75;85,62967655566446;1,5579617068672649;19
76;85,530686970588;1,5126635262096524;19
77;85,41779222745491;1,5668220381148237;19
78;85,53064712772823;1,5859900108650813;19
79;85,53062720629836;1,489870831769529;19
80;85,48831408923206;1,448352687752439;19
81;85,46010534452121;1,4604747114352512;19
82;85,64358171372109;1,4548973047475795;19
83;85,54475150008369;1,4506600791812747;19
84;85,43181691409083;1,4786500481170106;19
85;85,46004558023157;1,3260082512592244;19
86;85,48821448208267;1,4040003072790022;19
87;85,69999920314281;1,5100645602960487;19
88;85,60110922521575;1,3336097768054036;19
89;85,58706461714995;1,3920875225875864;19
90;85,77054098634984;1,3640396195509992;19
91;85,70005896743244;1,3171988108882262;19
92;85,78466528013514;1,5048808267730174;19
93;85,75637684970476;1,3786353769262012;19
94;85,86927159283783;1,4231917347327798;19
95;85,72814818356403;1,514586164590083;19
96;85,79874973106071;1,3746144398275932;19
97;85,81293378913564;1,2855823026128996;19
98;85,77058082920959;1,2867781825781424;19
99;85,79872980963081;1,225037572943138;19
100;85,88341580805304;1,2967307267779842;19
1;64,55344122779756;1,8032414735658688;20
2;69,16925645255114;2,3829150513569988;20
3;71,40021754201429;1,9400720129712268;20
4;73,19294701696509;1,95682572407187;20
5;74,94318408198066;1,733317662664732;20
6;75,97383917828088;1,3501608471796909;20
7;76,87721625907422;1,894759593847875;20
8;78,17561537296899;2,1012504061764146;20
9;78,5567720908736;2,1121685213915424;20
10;78,83929780943956;1,7355726160312488;20
11;79,5310694620417;1,3699766466724437;20
12;79,60181045954755;1,578205780802962;20
13;80,19467221279272;1,1535110796014203;20
14;80,87247894304863;1,512369092041835;20
15;80,82996661168352;1,1877824377417483;20
16;81,33846110938458;1,2950042320119473;20
17;81,71953814156964;1,124855492829168;20
18;81,6771851816436;1,1529896003139286;20
19;81,70561306208316;1,1976342994122064;20
20;82,19956491597141;0,9276576140863112;20
21;82,5381096953615;0,7588035467061547;20
22;82,84882423720845;0,7100409705125564;20
23;83,03234044926808;0,7511650772972039;20
24;83,22994111225327;0,7487935772135349;20
25;83,22990126939352;0,8015325238417916;20
26;83,80881802172233;0,9914959574437472;20
27;84,00643860613741;1,058652961558198;20
28;83,93581713721085;0,9673264107899888;20
29;84,07688078219502;0,9847610883190024;20
30;84,10502976261624;1,1056468285824341;20
31;84,26035715139491;1,0905263748308809;20
32;84,35926705075185;1,1063440630591848;20
33;84,37325189452798;1,0324387954296852;20
34;84,65569792737443;0,9096806233961036;20
35;84,5850764584479;0,9843303208680356;20
36;84,86748264843456;1,0958771676472514;20
37;84,79672172949887;1,0666583438413149;20
38;84,99430247105416;1,0776994810264042;20
39;85,0225311371949;0,8145119793469192;20
40;85,050700039046;0,7356190532376362;20
41;85,07894862661662;0,9330232363124856;20
42;84,95194951112809;0,8269689673040096;20
43;85,1635947821791;0,9967662449054822;20
44;85,27644968245241;1,1065705571011475;20
45;85,29053413337795;1,098555963781298;20
46;85,27644968245241;1,1818501639914818;20
47;85,33290701473389;1,2304745172149607;20
48;85,43173722837129;1,1137996093793063;20
49;85,67175061557218;1,1891491763313295;20
50;85,77062067206936;1,061610035723344;20
51;85,62935781278638;1,0898222633005372;20
52;85,65760640035698;1,2261527467183713;20
53;85,77058082920959;1,2337093136388395;20
54;85,74239200592861;1,2318073145743649;20
55;85,62941757707601;1,1248118617853105;20
56;85,89757994469811;1,1654233339267654;20
57;85,88347557234269;1,1682552275004754;20
58;85,9400922760632;1,0881238096180663;20
59;85,9401121974931;1,1624997007985458;20
60;86,08129537105656;1,0460769745397498;20
61;86,08129537105656;1,054631416414762;20
62;85,92608751085716;1,104586045762355;20
63;85,86959033571593;1,1139667633456865;20
64;85,82723737578988;1,1272076050561652;20
65;85,99658945120446;1,3037977043543645;20
66;85,94015204035284;1,2937068432210803;20
67;85,99658945120446;1,3203299096483891;20
68;85,92588829655838;1,3222467117316583;20
69;86,03888264684086;1,389185562814183;20
70;86,09530013626257;1,4239030107814503;20
71;86,08117584247726;1,3845945956987713;20
72;86,22233909461086;1,267845948279523;20
73;86,23632393838699;1,28341134029873;20
74;86,09520052911317;1,4144234569205687;20
75;86,1798865275354;1,4954138415024558;20
76;86,06695194154257;1,471127394180758;20
77;86,20815503653591;1,45402326286851;20
78;86,23644346696629;1,295697054519418;20
79;86,29292072067764;1,4166530596098648;20
80;86,39175093431507;1,4006025649680875;20
81;86,27881634832222;1,3499867661293188;20
82;86,32114938681839;1,4630065209526812;20
83;86,33523383774393;1,4470402324100562;20
84;86,4057357780912;1,4282564523715968;20
85;86,40581546381073;1,3508949069788074;20
86;86,32108962252875;1,4331388197643835;20
87;86,50464567744814;1,3346034862543386;20
88;86,37758679766998;1,3740724200197243;20
89;86,39175093431507;1,371815139964262;20
90;86,44822818802643;1,3419565716883002;20
91;86,47645685416718;1,2205910293196331;20
92;86,50466559887803;1,2868624348700448;20
93;86,54703848023398;1,3032947094092342;20
94;86,50472536316767;1,3693662583281392;20
95;86,50472536316767;1,399717116007427;20
96;86,60351573394531;1,3667611287479322;20
97;86,5046855203079;1,2674150425123385;20
98;86,49054130509272;1,295236951723058;20
99;86,57522730351494;1,2666476605909784;20
100;86,61760018487087;1,2080154478344098;20
1;62,95803351581362;2,4048847097468387;21
2;67,82810595013268;2,384229733193874;21
3;70,14379288087783;1,7266693683224292;21
4;71,89426900305195;2,2567040504517317;21
5;73,54565593300025;1,7603673992716369;21
6;75,09849154932945;1,684942721227527;21
7;76,10083829376939;2,0607388868232808;21
8;77,24418891890384;2,198029468625728;21
9;77,69568820571666;1,9930928084191264;21
10;78,21822731148352;2,1292622006815214;21
11;78,82529304423355;1,4013157445752942;21
12;78,93848660881484;1,3547665428957478;21
13;79,88431625668366;1,1341531189355574;21
14;80,26543313172844;1,2943544749189535;21
15;80,20881642800794;1,1070573844836746;21
16;80,71721131855959;1,1357922268396536;21
17;80,78795231606543;1,3324983273952211;21
18;81,3384411879547;0,9451891883605243;21
19;81,18329309204498;1,119187062256895;21
20;81,70553337636362;0,9975032649270456;21
21;81,959471843051;0,6872721757794971;21
22;82,18544062218609;0,8196153718919772;21
23;82,32664371717944;0,8808200293489372;21
24;82,50998063637016;0,8891579705217059;21
25;82,69343708414016;0,9311102306832794;21
26;83,03234044926808;1,0295978448064842;21
27;82,96171898034153;0,8494627799840295;21
28;83,14521527097129;0,8425841299507301;21
29;83,32869164017116;0,9776288625395692;21
30;83,34277609109671;1,0636997783112514;21
31;83,56862534165252;1,195503246633289;21
32;83,62510259536387;1,2876510547134203;21
33;83,66743563386004;1,1784495665011991;21
34;83,6110579872981;1,256010337188153;21
35;83,70982843664588;1,2149817211411924;21
36;83,97795096140821;1,0857493669348472;21
37;83,9356577657718;0,9582404373274369;21
38;83,97791111854845;0,8917626146153333;21
39;83,90734941391153;1,0096259244751455;21
40;83,99207525519353;1,1587769205153264;21
41;83,87898129776164;0,9962221993112326;21
42;83,86483708254643;1,1420444180279876;21
43;83,82252396548013;1,122421404659386;21
44;83,83652873068618;1,3197308423116083;21
45;83,8930458272573;1,2016221859486014;21
46;83,94966253097782;1,294582916776277;21
47;83,9496824524077;1,3079862209780957;21
48;84,06239790267186;1,3643665971399117;21
49;84,16126795916904;1,4764142203070854;21
50;84,28832683894719;1,3454203727914178;21
51;84,11877554923383;1,3657756584186351;21
52;84,13301937159842;1,1470853615450134;21
53;84,28836668180695;1,4310067111429008;21
54;84,17529264580494;1,5505722124315016;21
55;84,31645589793852;1,5332161698055091;21
56;84,23178982094619;1,5667216575613514;21
57;84,30243121130262;1,3252453696795403;21
58;84,28826707465754;1,5466993091661936;21
59;84,26003840851679;1,4659019715428117;21
60;84,1893770967305;1,5514803663599173;21
61;84,33052042743421;1,5286597586859216;21
62;84,30235152558309;1,6011109940961017;21
63;84,3870574454352;1,580738694416044;21
64;84,24599380045102;1,4464906263582702;21
65;84,21776513431028;1,4473844810505243;21
66;84,2601380156662;1,6626227182583122;21
67;84,27420254516187;1,6267300013496366;21
68;84,3447642497988;1,6408937147151923;21
69;84,2459141147315;1,6097062391392316;21
70;84,28824715322767;1,6623233866540104;21
71;84,18935717530061;1,7051622765714565;21
72;84,11883531352345;1,6639859105813442;21
73;84,23178982094619;1,5349953610220692;21
74;84,27414278087222;1,5945044091394698;21
75;84,27410293801249;1,6440492413621983;21
76;84,20346154765605;1,7172974101613676;21
77;84,20356115480546;1,6182220643158582;21
78;84,28818738893804;1,6021833824793017;21
79;84,3164758193684;1,5500852270905274;21
80;84,31649574079829;1,6128347357255892;21
81;84,28824715322767;1,6179375864281345;21
82;84,34472440693905;1,4402228635120085;21
83;84,1752328815153;1,5465698417802811;21
84;84,18941693959026;1,4400604062001168;21
85;84,17521296008542;1,4945524024501342;21
86;84,25999856565704;1,3856526793916286;21
87;84,41512674013691;1,469404836192039;21
88;84,28820731036791;1,4509951925942777;21
89;84,4011817392205;1,3446481342099303;21
90;84,4153259544357;1,3669816254343217;21
91;84,42949009108078;1,308346816903568;21
92;84,38709728829497;1,3958407103033164;21
93;84,31649574079829;1,318386047415472;21
94;84,28828699608744;1,3940853802719786;21
95;84,27414278087222;1,4642328455308191;21
96;84,23190934952547;1,1851584858305608;21
97;84,2601579370961;1,2977701026084472;21
98;84,40126142494003;1,3222272909895745;21
99;84,35892838644386;1,3195369546885425;21
100;84,47190281529647;1,3243674390387827;21
1;69,05634178798817;1,5498312754888963;22
2;71,15972604049628;2,0074097479365998;22
3;72,78360147577952;1,8323550669344209;22
4;74,09648346919748;1,5537870870660864;22
5;75,09847162789956;1,7739231773933082;22
6;75,71978118301418;1,2390908619916352;22
7;76,76442112309053;1,3821925748082988;22
8;77,59703728494817;1,3688411344229563;22
9;77,80888177029794;1,6023594428103063;22
10;78,14780505685576;1,5004166165086676;22
11;78,24667511335294;1,5443268882166423;22
12;78,40208218785112;1,2756637713613217;22
13;78,8396763166073;1,1979103099424877;22
14;79,09369446901421;1,535898813942576;22
15;79,39014526706669;1,2993730510587371;22
16;79,43257791271228;1,289354077712294;22
17;79,51716430398508;1,2987528166923858;22
18;79,5736814005562;1,4442733616344825;22
19;79,61613396763167;1,5381946939404882;22
20;79,75727729833537;1,4154973521896894;22
21;79,6865761436893;1,3255017155755424;22
22;79,72904863219462;1,177816710953905;22
23;79,77134182783105;1,3335590658937106;22
24;79,85616727626244;1,47816863599266;22
25;80,01133529360203;1,4769377907155183;22
26;80,13841409481006;1,456446621469634;22
27;80,20899572087686;1,4697752103108541;22
28;80,15261807431492;1,4462370562280424;22
29;80,09602129202428;1,505076188302896;22
30;80,06783246874328;1,3909019317605409;22
31;79,9265696094603;1,5503623187685462;22
32;80,01125560788252;1,427898603839184;22
33;79,96880304080706;1,333855043668111;22
34;79,94069390324559;1,5312443576007702;22
35;79,81361510203756;1,487061465217655;22
36;79,95483811846078;1,3909017542230595;22
37;79,88423657096412;1,397971782186083;22
38;79,88411704238483;1,2601536019060355;22
39;79,8275800243838;1,3301698781647089;22
40;79,92645008088101;1,3029099637209414;22
41;79,74295379025125;1,2549911672400222;22
42;79,74289402596159;1,2942849745512026;22
43;79,8275800243838;1,335253366282689;22
44;79,9687631979473;1,3612912196094542;22
45;79,95457913987234;1,2757119878514402;22
46;80,01113607930324;1,3256871820500895;22
47;79,954638904162;1,4731128923667451;22
48;79,85578876909469;1,3266074469994866;22
49;79,9122062585164;1,3207317213850591;22
50;80,05340935350975;1,4294750983030613;22
51;80,02506115878973;1,4559895156875111;22
52;80,02506115878973;1,5156632075174106;22
53;80,01105639358371;1,3728932136466503;22
54;79,99691217836852;1,3844974326150192;22
55;80,12393121528692;1,3876205183529957;22
56;80,05330974636036;1,5240197112717406;22
57;80,09570254914618;1,49267353831512;22
58;79,99685241407887;1,590995964339613;22
59;79,96858390507838;1,549750746032074;22
60;79,91214649422676;1,6296189657928066;22
61;79,92623094515233;1,5445381720523157;22
62;80,03918545257504;1,6286086788498857;22
63;80,08157825536084;1,5730038697745337;22
64;80,0673941972859;1,633733813771081;22
65;79,98270819886369;1,6199759366829107;22
66;80,06735435442613;1,5861099018644884;22
67;80,0956627062864;1,4555944481472345;22
68;80,0674938044353;1,4158757902449852;22
69;80,01103647215382;1,4195537412841444;22
70;79,94037516036752;1,416477664585191;22
71;79,8556692405154;1,4407672978122503;22
72;79,82742065294478;1,4674949984071353;22
73;79,82738081008503;1,5155133693733918;22
74;79,82734096722524;1,5174739149091632;22
75;79,7849880072992;1,6183469744596088;22
76;79,8414453395807;1,4601590327043823;22
77;79,89786282900242;1,5468293255993684;22
78;79,91204688707738;1,5699930253322478;22
79;79,82728120293562;1,6883767433542596;22
80;79,86967400572144;1,6421516354815129;22
81;79,8978827504323;1,562295792509912;22
82;79,82736088865514;1,5026249903986275;22
83;79,855569633366;1,5184780768823218;22
84;79,855569633366;1,5785465387561657;22
85;79,79907245822477;1,627918575402199;22
86;79,79905253679487;1,602095938680166;22
87;79,78486847871994;1,6830253597878158;22
88;79,75663981257921;1,6887021885193427;22
89;79,84136565386117;1,5933667320118992;22
90;79,84138557529104;1,5679065177411282;22
91;79,71430677408303;1,5502142415939701;22
92;79,81315690915031;1,5552456806611443;22
93;79,72851075358784;1,5275935151227504;22
94;79,72849083215796;1,5436898935569023;22
95;79,70034185173674;1,4562257021986091;22
96;79,74267489023292;1,494763920883815;22
97;79,7849880072992;1,5239405958067107;22
98;79,88381822093662;1,4650526337700038;22
99;79,78494816443946;1,5504442858569203;22
100;79,78488840014981;1,5669000433311722;22
1;66,12040113791208;2,4849236053914434;23
2;70,6378443419155;2,0066150491655423;23
3;72,61375136461795;1,9874570566049976;23
4;74,3502824858757;1,153647912437655;23
5;75,59238363892806;1,5867974186279232;23
6;76,46779103216912;1,5561845018763742;23
7;77,58279346258357;1,4152611879845702;23
8;78,30279378132646;1,505257996439105;23
9;78,89597427744974;1,7030368140187773;23
10;79,2767524881866;1,88428892044091;23
11;79,47421370116261;1,7287275713427086;23
12;79,91186759420845;1,9418233395768;23
13;80,03906592399575;1,9919839911024664;23
14;80,39203381861938;1,82663356236862;23
15;80,85773708493701;1,7913730995920596;23
16;81,1401432749237;1,7550407567706332;23
17;81,12585960969935;1,7903164578420154;23
18;81,47898687576199;1,718275153058357;23
19;81,66244332353197;1,5170833314443175;23
20;81,6201302064657;1,5674382172938954;23
21;81,83191492752584;1,573116416898172;23
22;82,22705648920656;1,4744288529109768;23
23;82,07184862900719;1,4952938570029872;23
24;82,43882128883683;1,2874155203816795;23
25;82,5799845409704;1,3395079785854809;23
26;82,62245702947574;1,0210940885792759;23
27;82,74943622353437;1,307738686482829;23
28;82,83406245766697;1,6329252671692736;23
29;82,91894767038801;1,5554645064392965;23
30;82,98946953216516;1,5454965938672836;23
31;83,04596670730639;1,5121413057461164;23
32;82,83408237909684;1,4555332062670467;23
33;82,82007761389082;1,3347047407234878;23
34;83,37052664292031;1,552817769739829;23
35;83,32821352585404;1,2535492139948834;23
36;83,27173627214269;1,3973224351878932;23
37;83,42714334664085;1,347022127245185;23
38;83,59643565776578;1,567903991774764;23
39;83,70937024375861;1,5771171697371869;23
40;83,65293283290701;1,4999200127194097;23
41;83,78001163411504;1,6708809482188165;23
42;83,56830659877443;1,5489915379540067;23
43;83,7094897723379;1,4975465962278507;23
44;83,80822037882592;1,548941424507047;23
45;83,80830006454543;1,4885228324351458;23
46;84,01994533559642;1,6202613128099852;23
47;84,18953646816955;1,3498987704407273;23
48;84,07664172503647;1,4412655741469735;23
49;84,1612878805989;1,3804738868673945;23
50;84,21780497717005;1,3210719774750694;23
51;83,97797088283808;1,4754687776009958;23
52;84,11905444925216;1,517666103274343;23
53;84,0343086865403;1,5287913140570808;23
54;84,26023762281561;1,5677371386269368;23
55;84,28848621038624;1,6699332102208693;23
56;84,3308391703123;1,589481227438872;23
57;84,34486385694821;1,5966578669016085;23
58;84,2461930147498;1,4884056776824381;23
59;84,54256412708278;1,5775385178772883;23
60;84,65545887021587;1,5403682171869837;23
61;84,44381359916491;1,3206136265223911;23
62;84,64143418357995;1,419390090890473;23
63;84,44383352059478;1,4221935757299742;23
64;84,41580406875285;1,245871115447823;23
65;84,54266373423219;1,4671365074252205;23
66;84,74034408293689;1,4877225661883329;23
67;84,78267712143305;1,4504857927402148;23
68;84,71203573107664;1,2711478611191347;23
69;84,62732981122453;1,424919717236645;23
70;84,6977321444224;1,5810765995655132;23
71;84,7825376714239;1,5121140862450828;23
72;84,85319898321022;1,5362343913794267;23
73;84,86734319842543;1,5298921223509032;23
74;85,07904823376603;1,6557181776647028;23
75;84,93800451021174;1,6124712808323234;23
76;85,0932123704111;1,666156374306891;23
77;84,96621325492258;1,5783602269027812;23
78;84,98027778441826;1,5760667202253942;23
79;84,8390746894249;1,4460108511481866;23
80;84,83919421800421;1,5483670505747142;23
81;84,82512968850853;1,571960577023606;23
82;85,02277019435347;1,7238218015419655;23
83;84,86742288414493;1,6530038046143745;23
84;84,98035747013778;1,7202251923490823;23
85;85,1356250946268;1,5135293441526216;23
86;85,00854629341875;1,5192890607262437;23
87;85,19208242690826;1,4173787333938344;23
88;85,06500362570023;1,3297511626145495;23
89;85,06498370427036;1,3853746979591264;23
90;84,95198935398787;1,3932695990382886;23
91;85,10727689990676;1,432544625331449;23
92;85,17779876168392;1,40947474787897;23
93;85,16375415361813;1,2927900134794914;23
94;85,20610711354419;1,3502727629679796;23
95;85,24846007347023;1,3210453321654014;23
96;85,20594774210514;1,4623426828407338;23
97;85,23423617253552;1,3519469998435212;23
98;85,2484003091806;1,3823211374530988;23
99;85,34719067995825;1,3576363049145144;23
100;85,4742495597364;1,3795914598524806;23
1;65,56967320886424;2,2141083162295416;24
2;70,34081582239646;2,251814737110914;24
3;72,45884232586678;1,876675630705829;24
4;74,23760687847131;2,113001887284893;24
5;76,2418421744639;1,7360432861024695;24
6;77,24426860462337;1,3427260594294483;24
7;77,82298614265338;1,924593567644569;24
8;78,66970667686644;2,089787365659141;24
9;79,0651271385655;1,7344465748702766;24
10;79,09347533328553;1,2716739639839532;24
11;79,74295379025125;1,1969813428750822;24
12;79,6725315356235;1,29855549122087;24
13;80,2937614050186;1,2868400108508844;24
14;80,64686874965136;1,3754984066854272;24
15;80,91497135298383;1,4094387385913059;24
16;81,47956459722853;1,2629719893784859;24
17;81,52185779286494;0,9943679212586636;24
18;81,53618130094905;1,1842924443046354;24
19;81,52227614289242;1,3995394779987511;24
20;81,91741770457315;1,067946317530265;24
21;82,39708589323708;0,8252676422026076;24
22;82,51000055780004;0,6289869798130424;24
23;82,86292860956388;0,7009993166954556;24
24;82,83468002199325;0,8549555527558209;24
25;83,20161283896313;0,7694182396315979;24
26;83,47003418517367;0,7912394925472873;24
27;83,55468034073614;1,07647989920237;24
28;83,70980851521598;0,8308194365734131;24
29;83,85103153163922;0,9299960894690528;24
30;84,14738272254229;0,9954557893226804;24
31;84,1192138206912;0,9207505800671936;24
32;84,26035715139491;1,2475402526736743;24
33;84,2461930147498;1,1675969523473126;24
34;84,44381359916491;1,0741566232308244;24
35;84,54280318424134;1,0641848788970631;24
36;84,71211541679617;0,9830425659213484;24
37;84,62727004693487;1,0662649022006012;24
38;84,79660220091957;1,028178364385533;24
39;84,81074641613476;0,8747414632367125;24
40;85,05064027475636;0,6841528298607186;24
41;84,97997896297005;0,8283733895290509;24
42;85,09281394181349;1,108843757857621;24
43;85,26212617436829;1,155099073136414;24
44;85,21975329301236;1,1337123419152817;24
45;85,2197134501526;1,2757071633290538;24
46;85,12108245081399;1,112333017005995;24
47;85,21985290016177;1,1708534855135684;24
48;85,27631023244324;1,2024634439590878;24
49;85,38926473986595;1,1782169920201262;24
50;85,61515383328154;1,1497204539544974;24
51;85,69983983170377;1,2490802544304822;24
52;85,82683894719227;1,2317279135015864;24
53;85,86929151426773;1,2817219471173735;24
54;85,77044137920043;1,2724852289273565;24
55;85,81279433912648;1,325691058977963;24
56;85,92568908225957;1,2255388572214465;24
57;85,9962308654666;1,3557057804991657;24
58;85,86925167140797;1,2331427538553987;24
59;85,95393766983021;1,200234990357662;24
60;86,01047468783119;1,0029341920084385;24
61;85,98232570741;1,0482370176439215;24
62;85,98238547169962;1,0219384638336249;24
63;85,79880949535034;1,1688715521420143;24
64;85,86935127855737;1,2271110826123055;24
65;85,93993290462416;1,2914801511397958;24
66;85,9682611779143;1,2305960656556094;24
67;86,08123560676691;1,1785435455481077;24
68;86,09528021483271;1,117738801421638;24
69;86,09530013626257;1,4612741396032158;24
70;86,05280772632736;1,5037592051619335;24
71;86,12340927382404;1,4452815163000696;24
72;86,1939908998908;1,3743299744243607;24
73;86,25036854645279;1,2543419870084302;24
74;86,19397097846095;1,3049738398751782;24
75;86,32110954395863;1,2602267633341455;24
76;86,3210298582391;1,2975249537139355;24
77;86,25040838931255;1,1757231507318;24
78;86,2222793303212;1,194925116449958;24
79;86,23640362410654;1,1688355473974352;24
80;86,43406405138136;1,2440607872305836;24
81;86,46225287466233;1,178956739791858;24
82;86,40577562095095;1,2025043061241725;24
83;86,54697871594429;1,1873664373800008;24
84;86,57520738208505;1,1786555588303784;24
85;86,54701855880407;1,1923424734889807;24
86;86,6458288510116;1,0546074446598737;24
87;86,61764002773062;0,9968934718753464;24
88;86,68818181093765;1,047891215628858;24
89;86,688122046648;0,9673009665266832;24
90;86,85761357207174;1,002915726610365;24
91;86,85757372921198;1,0674668523130064;24
92;86,94223980620431;1,0756545848019456;24
93;86,81522076928594;1,1352572997324444;24
94;86,70228618329307;1,0947797127438714;24
95;86,81526061214569;1,0282260165793222;24
96;86,85757372921198;1,033618030733461;24
97;86,73047500657405;1,1039497153598676;24
98;86,70220649757357;1,0651880274710632;24
99;86,78683273170616;1,160474667883903;24
100;86,9138916114843;1,1560759413342303;24
1;65,40026136916003;2,068289754722434;25
2;69,94557465356634;2,2047014793464514;25
3;72,12003856788823;1,881766484777532;25
4;73,98364849035406;2,0344260463670003;25
5;75,46554389487859;1,937233193311024;25
6;76,48201493310384;1,7332024688388106;25
7;77,28640242882074;2,0589747364943114;25
8;77,97783541711489;2,2414191335770552;25
9;78,30285354561609;1,9836509854968816;25
10;78,59946371510759;1,5225166876539704;25
11;79,05130166622841;1,277019620592645;25
12;78,75503016104484;0,8210137162260567;25
13;79,6301387328377;0,9508407887442109;25
14;80,02549943024711;1,1566774792826418;25
15;80,12411050815584;1,0704902938313892;25
16;80,54779947885541;1,1597828985519525;25
17;80,30770640593501;1,0060667598921198;25
18;80,8301857474122;0,9301486893367724;25
19;81,21156160104546;1,2707982434115677;25
20;81,21162136533512;1,1237793711535102;25
21;81,64923541552119;1,2194080284982145;25
22;81,60690237702501;1,4048378213908193;25
23;81,90319380363844;1,0131058849088532;25
24;82,18548046504586;1,2060081089043544;25
25;82,14336656227837;1,5571394656569255;25
26;82,03013315483733;1,427323658061347;25
27;81,74780665057015;1,4411791877618552;25
28;81,87464639461963;1,7871202083323368;25
29;82,15709242746605;1,6567261834891125;25
30;82,1568533703075;1,5620332608008127;25
31;82,14274899795205;1,4239209263249766;25
32;82,4251950307985;1,6908720812498557;25
33;82,76397886734718;1,55042781724626;25
34;82,80637167013298;1,6108018729754838;25
35;82,8346401791335;1,6780783085347741;25
36;83,03224084211868;1,4289300620859364;25
37;82,8627094738352;1,280993794556168;25
38;83,10268301817632;1,3643811239632695;25
39;83,13079215573778;1,2085720039098595;25
40;83,00383288310901;1,1093796604796553;25
41;83,0040719402676;1,1865929198607408;25
42;83,229821583674;1,3915061689650945;25
43;83,21563752559905;1,1839982853365991;25
44;83,15918019331757;1,3390992983678356;25
45;83,03206154924976;1,453726224352711;25
46;83,1169268405409;1,6151908610651755;25
47;83,25799048552507;1,674173841223244;25
48;83,52619269600693;1,532098041719666;25
49;83,38502944387336;1,416513318740575;25
50;83,48387957894066;1,4329489946028773;25
51;83,42746208951894;1,3250968473102651;25
52;83,44158638330423;1,4524397198556225;25
53;83,52631222458623;1,4505541868496619;25
54;83,73789773134756;1,5163974034522505;25
55;83,86501637541538;1,3781824254938493;25
56;83,68134079191668;1,4674664503121593;25
57;83,46979512801511;1,5146043403162197;25
58;83,65329141864486;1,6017682689127066;25
59;83,61085877299928;1,8665241254699407;25
60;83,70982843664588;1,837209853152883;25
61;83,80855904313388;1,7817783936201868;25
62;83,80865865028329;1,5192167994134278;25
63;83,72385312328177;1,7555544268244525;25
64;83,96382666762291;1,7099003533770696;25
65;83,9496824524077;1,6265772754999477;25
66;83,94970237383758;1,5351784593629327;25
67;84,02034376419401;1,6387473248614468;25
68;83,808539121704;1,5678452341710614;25
69;83,80871841457292;1,813389503546645;25
70;83,9639262747723;1,5977313794669008;25
71;83,78035029842302;1,7342625174644262;25
72;83,8368076307045;1,7017833614859428;25
73;84,02022423561473;1,6140212826469849;25
74;84,09086562597116;1,7107154649203045;25
75;84,13317874303745;1,6945237710882983;25
76;84,06255727411092;1,7041666150033468;25
77;83,96374698190337;1,5743526231110052;25
78;83,85087216020018;1,577767018747138;25
79;84,13311897874782;1,5084127789339654;25
80;84,07664172503647;1,6971215706537768;25
81;84,06257719554078;1,6475486058675932;25
82;83,99195572661424;1,5506825704570582;25
83;83,97781151139905;1,3902409739205228;25
84;84,02010470703544;1,6706677347368648;25
85;83,86479723968667;1,5302537313682631;25
86;84,18955638959942;1,5942440353901102;25
87;84,18951654673967;1,6194711399560695;25
88;84,02018439275497;1,6388136083886942;25
89;84,09074609739189;1,6447641770933188;25
90;84,0343086865403;1,7670901396463028;25
91;83,90722988533223;1,5943160778057692;25
92;84,10493015546685;1,4786155379869494;25
93;84,11911421354179;1,5721398666928394;25
94;84,16146717346784;1,6484925274019488;25
95;84,26009817280645;1,8362356373483069;25
96;84,17547193867388;1,6691020334316242;25
97;84,27438183803079;1,7467732752692886;25
98;84,04835329460606;1,7919221625117867;25
99;84,11889507781311;1,7092517389698647;25
100;84,23194919238523;1,593875767437281;25
1;70,35499988047142;1,9224654828235328;26
2;72,48693154199836;1,779996137240783;26
3;73,46098985600791;1,8024800724955423;26
4;74,61866398922649;1,9588948454247213;26
5;75,33858462224984;1,8380109728647689;26
6;76,00220729443078;1,5743641950972702;26
7;76,7502968293052;1,5995200874748061;26
8;77,11726948913486;1,0740961540518816;26
9;77,2019355661272;1,4050372557473565;26
10;77,30092515120366;1,4630235653764119;26
11;77,86565784545752;1,7219920147549546;26
12;77,6680970253321;1,4482312482034951;26
13;78,0774027236579;1,6470611853414294;26
14;78,24665519192304;1,5007219431420071;26
15;78,26077948570838;1,3879615753084409;26
16;78,34546548413059;1,3248954524599328;26
17;78,35949017076649;1,4165547420813822;26
18;78,21856597579148;1,4664211491645118;26
19;78,33146071892456;1,4458625463234456;26
20;78,38791805120604;1,5414253173743844;26
21;78,4019825807017;1,2896554949288521;26
22;78,52910122476949;1,0958178529841842;26
23;78,52916098905915;1,2353180066221607;26
24;78,48686779342275;1,4328651065789906;26
25;78,69851306447372;1,255539131200475;26
26;78,88216872654252;1,2939813715834054;26
27;78,67018479118357;1,3390819155717493;26
28;78,85382053182248;1,2953273896246107;26
29;78,86768584701936;1,4208279767032628;26
30;79,00890886344257;1,5292656901790649;26
31;78,69829392874503;1,6193931482918675;26
32;78,74072657439059;1,4866263531460862;26
33;78,64187643932331;1,5960619619055465;26
34;78,62779198839777;1,5378747625435962;26
35;78,54310598997554;1,5302468915657648;26
36;78,6700652626043;1,3691737487934386;26
37;78,76895524053134;1,309461963652713;26
38;78,88188982652419;1,4461430032178269;26
39;78,69817440016574;1,45135307123321;26
40;78,69827400731516;1,45420917649478;26
41;78,83949702373837;1,4366022015277846;26
42;78,82535280852319;1,2068622136552412;26
43;78,72656243774553;1,4667750475727204;26
44;78,79716398524221;1,5767492169560682;26
45;78,86758623986995;1,758469057330118;26
46;78,98058059015244;1,790687581747636;26
47;78,83951694516827;1,624604627022164;26
48;78,82535280852319;1,7531110374620569;26
49;78,74054728152167;1,6653997710530313;26
50;78,89593443458999;1,589123889364906;26
51;78,99466504107798;1,6391811969738577;26
52;79,03699807957416;1,7483187001687135;26
53;79,03707776529369;1,7295207054287876;26
54;79,09363470472456;1,6403803578658993;26
55;79,12186337086531;1,6644420333331085;26
56;79,12186337086531;1,6684886711590297;26
57;79,14999242985664;1,6655910998587584;26
58;79,13580837178168;1,7504729454954353;26
59;79,23463858541909;1,831349459034528;26
60;79,22049437020392;1,8054624466609883;26
61;79,07943072521974;1,7236759541111335;26
62;79,09341556899588;1,8261594663582188;26
63;79,29113576056034;1,7752094705839898;26
64;79,1500322727164;1,7199598101401554;26
65;79,3193644267011;1,6674031511983027;26
66;79,4039707394038;1,658197025926939;26
67;79,37574207326304;1,8526072100331032;26
68;79,30518036862614;1,7537484685951406;26
69;79,2910759962707;1,7395140674865608;26
70;79,29101623198106;1,8198670234934116;26
71;79,29101623198108;1,6620640782901597;26
72;79,3616576223375;1,6569511980237168;26
73;79,31930466241145;1,7141812181962992;26
74;79,3615380937582;1,696788582351224;26
75;79,51682563967711;1,6591960857993417;26
76;79,4461842493207;1,6448541142742454;26
77;79,4461842493207;1,6927541246428055;26
78;79,37562254468376;1,5846611149556753;26
79;79,37566238754354;1,6830453824038538;26
80;79,41795558317995;1,7245991894855526;26
81;79,41801534746958;1,7212907895373049;26
82;79,30504091861698;1,681956925901728;26
83;79,33326958475772;1,6742203761792664;26
84;79,30504091861698;1,6148504978148168;26
85;79,36147832946857;1,6444644775316768;26
86;79,31918513383216;1,6171964327065291;26
87;79,36147832946857;1,7337671386411186;26
88;79,29093654626155;1,6144632057518211;26
89;79,29089670340178;1,6245352095256067;26
90;79,33318989903819;1,6752768004870262;26
91;79,23437960683066;1,6395402690693686;26
92;79,2767524881866;1,6649758284276732;26
93;79,24848397918609;1,6389463229123002;26
94;79,19202664690461;1,592553122955143;26
95;79,26262819440129;1,570183566189419;26
96;79,22027523447522;1,6125818899227533;26
97;79,13556931462313;1,5352870975575186;26
98;79,23435968540078;1,553739226465719;26
99;79,1779023531193;1,5942930622745701;26
100;79,20615094068992;1,5726307507653658;26
1;60,303722119958884;3,0768392838034777;27
2;63,650103989863965;1,2766057966014688;27
3;65,6544189715761;2,0094081895399785;27
4;66,48771246204967;1,217460127907962;27
5;66,9250675336473;0,9279137700952802;27
6;66,99511128110731;2,0175372594925234;27
7;67,800036655431;1,59781409069045;27
8;68,95777055293921;1,9760516613749468;27
9;69,29667391806714;2,0426792277769823;27
10;69,40988740407832;1,7973527408424481;27
11;69,96027666881818;1,5986091117441523;27
12;70,60947622576558;1,6260489484013878;27
13;71,06135401974612;1,6673786474635863;27
14;71,45659518857627;2,0010574266867365;27
15;71,71061334098316;2,0213793809088267;27
16;72,14826723402899;1,778797091936423;27
17;72,21870941008662;1,9870081784133384;27
18;72,34582805415441;1,9674293291324167;27
19;72,57143824755165;1,7831083389383682;27
20;73,09387774616911;1,7797462620838518;27
21;73,19264819551687;1,6178294318745037;27
22;73,22063780449906;1,954748703817012;27
23;73,68654028511551;1,7403081181254358;27
24;73,70066457890081;1,6510113103122128;27
25;73,72891316647143;1,6199820651439096;27
26;73,82768361581921;1,6217935316337897;27
27;74,22304431322863;1,576929965459786;27
28;74,01125959216849;1,3479427423262815;27
29;74,36406811535305;1,4686524786999802;27
30;74,37807288055906;1,4768388262330567;27
31;74,7591897556039;1,6139244169583449;27
32;74,6181460320496;1,5603937565686423;27
33;74,95687010430859;1,5158983840863594;27
34;75,28172886137075;1,4019023033410345;27
35;75,45106101535544;1,3998813482348704;27
36;75,5217820914314;1,3889421173269587;27
37;75,5780999737037;1,6275365465952474;27
38;75,63467683456449;1,6000191583840264;27
39;75,76169587148287;1,8482575798039205;27
40;75,94519216211263;1,8280597237870944;27
41;76,15719601890146;1,4343961873588083;27
42;76,19956890025739;1,3958018720107654;27
43;76,04432119719824;1,4420493529516742;27
44;76,21365335118294;1,3630543474940304;27
45;76,27028997633334;1,342188873676045;27
46;76,55253679488101;1,1555222613370917;27
47;76,4819551688142;1,1814865785234243;27
48;76,55243718773158;1,1557895513617162;27
49;76,63714310758371;1,1532758535892944;27
50;76,84884814292431;1,3049046072236896;27
51;77,06073247113385;1,3836448657101736;27
52;77,03254364785288;1,2931734386354083;27
53;77,31483030926026;1,1937692851546795;27
54;77,25833313411904;1,2549983517443286;27
55;77,2441490760441;1,4562295684679925;27
56;77,38533224960756;1,4219433537638444;27
57;77,34291952539185;1,318890677978605;27
58;77,47005809088955;1,1673504852993928;27
59;77,63945000916385;1,1423100800634476;27
60;77,56890822595682;1,1894151722467237;27
61;77,75242443801645;1,4150392165870171;27
62;77,61128110731276;1,348963294221043;27
63;77,90773190536524;1,4130709270313346;27
64;77,75240451658658;1,5837955838743696;27
65;77,78071286844684;1,2946254675417672;27
66;77,83722996501797;1,3585017148340306;27
67;77,79501645510109;1,261287172336924;27
68;77,85129449451364;1,3681650225734159;27
69;78,0771835879292;1,2324192911870877;27
70;78,04887523606895;1,2109418861857433;27
71;78,07722343078896;1,1126175552373874;27
72;78,03493023515256;1,2182987185628953;27
73;77,96416931621684;1,1438087082646404;27
74;77,87954308208424;1,153212504443056;27
75;78,0066218832923;0,99282071044916;27
76;78,0489150789287;1,0322831023765486;27
77;78,10535248978032;1,0418045968901546;27
78;78,17597395870686;0,9767065096219241;27
79;78,26058027140957;1,2056576488885635;27
80;78,3029531527655;1,1272710842360896;27
81;78,54294661853648;1,1150751236848568;27
82;78,44413632632896;1,0768062998461478;27
83;78,5005338943208;1,144024894261217;27
84;78,44403671917955;1,1211733991009234;27
85;78,48648928625502;1,0851967546459238;27
86;78,45826062011427;1,1290057678618295;27
87;78,50069326575984;1,0195832932456474;27
88;78,61346848031364;1,0407402243036914;27
89;78,74056720295157;0,9549839300811152;27
90;78,81122851473788;1,0187793879213127;27
91;78,6136079303228;1,0420022430527909;27
92;78,68418955638958;1,0000605429689835;27
93;78,82519343708414;1,0739875638454202;27
94;78,76877594766242;1,2854869041254775;27
95;78,95229215972206;1,1001767734224464;27
96;78,79702453523305;1,0721588121528076;27
97;78,88177029794491;1,1857201007123823;27
98;78,95231208115193;1,14724672640508;27
99;78,99448574820907;1,1910711251879067;27
100;79,00872957057365;1,1854848405278684;27
1;59,96509765484928;2,398528955924397;28
2;64,15786139465946;2,5415350682391593;28
3;65,16074601770617;2,1502715079401624;28
4;66,45924473875037;2,2747041010906983;28
5;67,39110946427292;1,9163022403679943;28
6;68,84523439554397;1,986042936699185;28
7;69,466643557808;2,2988081102512323;28
8;70,17249966133569;2,1630142483499504;28
9;70,7370729841505;2,0537828838841095;28
10;71,1041054082698;1,5393007003225985;28
11;71,42876495103313;1,4390134255103817;28
12;71,49908759851147;1,355108013338138;28
13;71,64011140063589;1,1988860280776903;28
14;72,27546556381631;1,293013140863265;28
15;72,47302638394174;1,3933648196568202;28
16;72,74114890870406;1,6055905262403791;28
17;72,82613372857449;1,6978071358340916;28
18;72,85442215900488;1,7717749874127788;28
19;73,19346497414199;2,089405952138305;28
20;73,13664905612265;1,5295411177202185;28
21;73,20731036790896;1,6471756678942888;28
22;73,48957710788649;1,7060403072823735;28
23;73,7579386898074;1,8090482001173789;28
24;73,78622712023778;1,7313787812089685;28
25;74,05430980214038;1,8292935026656023;28
26;74,11064760584256;1,6470099098696074;28
27;74,19545313284405;1,4452191702688548;28
28;74,2801192098364;1,4352639517477703;28
29;74,46353581474663;1,4066276429796591;28
30;74,77419059230395;1,5367625563922571;28
31;74,3788697377543;1,752479593656875;28
32;74,46353581474663;1,8002948909000192;28
33;74,90111002207294;1,5184228774901272;28
34;74,77405114229478;1,8026581510861877;28
35;75,16937199684445;1,7964893502435757;28
36;75,32467946419322;1,6883179929156542;28
37;75,38119656076434;1,6186516579833357;28
38;75,53636457810396;1,4922657799114765;28
39;75,62107049795604;1,5126452184277597;28
40;75,55054863617892;1,6066040380756013;28
41;75,48002677440176;1,9507526028267133;28
42;75,47996701011212;1,7630321355360616;28
43;75,57869761660014;1,6356406599943536;28
44;75,74802977058481;1,4045188944775089;28
45;75,53634465667406;1,5636443075728423;28
46;75,63521471317125;1,4890544353192865;28
47;75,83283529758631;1,2646697837166334;28
48;75,95973480592542;1,2363530679722403;28
49;75,91750137457866;1,2679415387386488;28
50;75,84693966994175;1,160367223044955;28
51;75,88925278700805;1,2104757939352395;28
52;76,10109727235782;1,1976509921980372;28
53;75,9598543345047;1,322300183997449;28
54;75,98810292207534;1,504300551107935;28
55;75,95989417736449;1,3249382203754088;28
56;76,0305554891508;1,197909632625222;28
57;75,93152606121456;1,1295893705299285;28
58;76,01617221677705;0,9890202273363764;28
59;76,17141991983617;1,0016800936515566;28
60;76,11492274469492;0,9891470236237744;28
61;76,08669407855419;1,0031975861168294;28
62;76,0726494704884;0,8323943704002357;28
63;76,04428135433851;1,0646754392594904;28
64;76,18544460647206;1,0156116594993083;28
65;76,15721594033134;0,8579189134367954;28
66;76,11482313754551;1,1155557411219021;28
67;76,27013060489429;0,9766577481214022;28
68;76,24192186018344;0,8516039655435703;28
69;76,14315141083566;0,8933951257344598;28
70;76,01609253105752;0,8872989077648494;28
71;76,17134023411664;0,9039701480853573;28
72;76,12898727419059;0,948673299161408;28
73;76,35489628903605;0,9087686080234532;28
74;76,36894089710184;1,2348874692485978;28
75;76,3548564461763;1,0872326753613957;28
76;76,397269170392;1,1126466873953045;28
77;76,29843895675457;1,1104888333670344;28
78;76,15723586176122;1,1292662491035659;28
79;76,27021029061382;1,1459395861779322;28
80;76,39716956324256;1,167608263894864;28
81;76,27011068346442;1,0703771326727378;28
82;76,2983991138948;0,957610317936016;28
83;76,28427482010949;1,0431644934395723;28
84;76,28431466296925;1,1298660336005024;28
85;76,19956890025739;1,1828952914694153;28
86;76,27017044775405;1,1601328324229734;28
87;76,32660785860566;1,1406543834675669;28
88;76,3406923095312;1,2150969946926309;28
89;76,3265680157459;1,2633097090818155;28
90;76,4113735427474;1,2116919317191912;28
91;76,38314487660665;1,2837335924063151;28
92;76,3689807399616;1,2374195041553313;28
93;76,39720940610232;1,3214543989259353;28
94;76,2702302120437;1,2076088747133789;28
95;76,39730901325173;1,2612126913793416;28
96;76,39718948467245;1,2654616220031365;28
97;76,52422844302073;1,2413962257364763;28
98;76,59479014765765;1,2519227103131898;28
99;76,55249695202123;1,1563107977482745;28
100;76,49609938402939;1,0458419037655458;28
1;56,56351350274518;2,257133780530961;29
2;59,41486776154845;1,6738453289538482;29
3;60,60083032519742;1,9762960570722268;29
4;60,68563585219893;1,8065236205265467;29
5;61,349437817248784;1,4899735427688794;29
6;62,81730853513741;1,8741209955850755;29
7;62,859900552222044;1,531619032794933;29
8;63,777362083940936;1,1294320096717032;29
9;63,97474361119743;1,3110844214923467;29
10;64,17282238849978;1,3274125327618749;29
11;64,75153992652977;1,5255988825033782;29
12;64,59627230204075;1,2643568527228142;29
13;64,73749531846397;1,29209317981476;29
14;65,0056377646562;1,308402838584369;29
15;64,87857888487804;1,278476432439964;29
16;65,31601364219519;0,9853404935097414;29
17;65,5277186775358;0,9382705846931584;29
18;65,64065326352863;1,0246202287609392;29
19;65,45733626576782;1,163296485866473;29
20;65,55608679368571;1,2966029236962109;29
21;65,51377367661941;1,2957961706539989;29
22;65,85247782744854;1,7598790329560143;29
23;66,14900831122054;1,1563023424217909;29
24;66,3183603866351;1,2306044935447218;29
25;66,57253791048106;1,51146009132267;29
26;66,74194975018527;1,1680157118811636;29
27;66,75613380826022;1,4895937490107145;29
28;66,72794498497923;1,5407173572301045;29
29;66,85478472902872;1,3834924960994348;29
30;66,74188998589564;1,4288762947350708;29
31;66,85504370761716;1,4534988184504614;29
32;66,47374753970341;1,4007997010352342;29
33;66,72784537782985;1,4847156482937085;29
34;66,96781892217095;1,4740739628954398;29
35;66,69957686882934;1,4348686019057475;29
36;66,65738328034233;1,3282937352955495;29
37;66,72770592782068;1,4521959124031332;29
38;66,77013857346626;1,4147084863262973;29
39;66,51606065676971;1,2888639734066123;29
40;66,84083972811233;1,311109710031622;29
41;66,79856645390579;1,6398903043098416;29
42;66,95377431410516;1,6996253727115864;29
43;66,82665567003737;1,2267940109110638;29
44;66,79854653247591;1,4033025029645227;29
45;66,9397097846095;1,3874177693362646;29
46;67,15147458423975;1,3417370486242408;29
47;66,99592805973239;1,5255182428007208;29
48;66,95365478552588;1,1233508196545667;29
49;66,91132174702972;1,4856923889045963;29
50;67,12304670380021;1,5075990057644943;29
51;67,22171754599859;1,7096428744433136;29
52;67,06643000007969;1,7712270214308816;29
53;67,09457898050091;1,931248128897188;29
54;67,16520044942746;1,9034668523803164;29
55;67,32036846676706;1,8706288642890363;29
56;67,20745380220411;1,6935474004660973;29
57;67,32036846676706;1,8741370284343808;29
58;67,23560278262532;1,6812366132036616;29
59;67,22145856741011;1,6852437639686364;29
60;67,24978684070028;1,6188594909532272;29
61;67,32036846676706;1,6770734797803346;29
62;67,41917875897461;1,4979984403023587;29
63;67,41921860183436;1,5117309307224107;29
64;67,37688556333818;1,5484221634169737;29
65;67,30626409441165;1,4728779431032764;29
66;67,41925844469412;1,4247094607547657;29
67;67,23570238977473;1,2267321883047748;29
68;67,26403066306487;1,2630464037731726;29
69;67,29227925063549;1,4220417426251577;29
70;67,24998605499907;1,5051171150478408;29
71;67,48989983505058;1,4470072269802376;29
72;67,40515407233869;1,3734993755246183;29
73;67,48985999219079;1,3249163063240943;29
74;67,43330305275992;1,5604992266005804;29
75;67,33455252484202;1,2267223570757182;29
76;67,30632385870128;1,2951983696723688;29
77;67,27809519256054;1,3851456923948728;29
78;67,30626409441165;1,4160383833431809;29
79;67,34871666148709;1,5859591476680377;29
80;67,29227925063549;1,4216726021490291;29
81;67,51822810834071;1,370978414996484;29
82;67,32050791677624;1,2586147172309137;29
83;67,05214633485535;1,5708340489640331;29
84;67,22157809598941;1,4867681237369244;29
85;67,19340919413833;1,2979396505412857;29
86;67,20751356649374;1,366318201781211;29
87;67,30646330871043;1,3678626208671618;29
88;67,32056768106588;1,231795198408443;29
89;67,10870327428621;1,2738128779558262;29
90;67,22165778170894;1,3121409566081574;29
91;67,19340919413833;1,1857974934689877;29
92;67,1791852932036;1,387018647443935;29
93;67,419278366124;1,381339611330288;29
94;67,39104969998326;1,3865470388513497;29
95;67,33455252484202;1,4907237739927146;29
96;67,30636370156104;1,394713204455586;29
97;67,3344927605524;1,3585845924247018;29
98;67,24980676213015;1,6267681713554951;29
99;67,37678595618878;1,5832623270793322;29
100;67,47565601268596;1,510074729487345;29
1;59,7396269114612;2,7074694623683904;31
2;63,409811702644774;2,8589629135935697;31
3;65,31573474217686;2,073428404534317;31
4;66,26216203294207;1,8859074370155169;31
5;67,40553257950643;1,6203654414011004;31
6;68,30890966029978;1,4940636086360783;31
7;68,88768696261943;1,684706450397013;31
8;69,24045564294423;2,3566033976122487;31
9;69,94591331787431;2,0644337188551933;31
10;70,60985473293331;1,7449365176749707;31
11;70,72247057604805;1,9353914798829444;31
12;71,0332050393249;1,671375304589675;31
13;71,30124787836772;1,992777608187412;31
14;71,49888838421266;2,20508117581438;31
15;72,0209493756624;2,1363733539853325;31
16;72,11983935358944;2,1573453108737057;31
17;72,289191429004;1,738919361928493;31
18;72,75497438104118;1,893366916165139;31
19;73,00919174774688;1,7258451636233898;31
20;73,17836453029253;1,9918816757980389;31
21;73,24904576350872;1,9124824469563253;31
22;73,50318344449491;1,58135560345775;31
23;73,6162774019268;1,5804800215399588;31
24;73,91264851425977;1,5353279724715472;31
25;74,16674635238621;1,362522866243448;31
26;74,39277489581092;1,3296680790157325;31
27;74,5057891675233;1,1889071477011772;31
28;74,61892296781494;0,9691371237301504;31
29;74,7600862199485;1,131550276159431;31
30;74,9011498649327;1,2279650168416965;31
31;74,85883674786642;1,2933486697426135;31
32;75,23987393719172;1,159564783801648;31
33;75,18335684062059;1,1250530169177162;31
34;75,53618528523505;1,1830223167720422;31
35;75,56439402994589;1,102622685849665;31
36;75,6207318336481;1,4207557785162193;31
37;75,81837233949305;1,159558366748996;31
38;76,21371311547259;1,0432983124425093;31
39;76,04420166861897;0,9755606283588132;31
40;76,08655462854502;1,0814275372307989;31
41;76,41131377845777;1,25282688871868;31
42;76,25616568254803;1,0877773019964958;31
43;76,397269170392;1,1789984630387669;31
44;76,48205477596359;1,2348267033812703;31
45;76,72212792745412;1,14569893585881;31
46;76,66567059517264;1,2661187621779153;31
47;76,67973512466831;1,120013666108329;31
48;76,5810045181803;1,0541227037601475;31
49;76,70796379080905;1,102416627743572;31
50;76,63748177189166;0,9858224957693316;31
51;76,63748177189166;1,0616540256520746;31
52;76,80693345445562;1,2009554397733782;31
53;76,77862510259537;1,2588911445566644;31
54;76,93383296279474;1,1344141357757025;31
55;76,99035005936587;1,2479821190851201;31
56;76,96208155036534;1,1865301580509091;31
57;76,9622608432343;1,0909945363148148;31
58;77,04686715593698;1,2561287282055726;31
59;77,08922011586303;1,0813680286035223;31
60;77,0609914497223;1,0879525442801534;31
61;77,21623915278144;1,0170700261509087;31
62;77,18805032950044;1,2682207545203228;31
63;77,24456742607155;1,3094216273010446;31
64;77,25873156271666;1,2275129985363116;31
65;77,20225430900528;1,065025258365753;31
66;77,21625907421131;1,136034591265009;31
67;77,34341756113888;1,236470175197074;31
68;77,32931318878343;1,0373100643499302;31
69;77,38573067820515;1,1256279708276689;31
70;77,52695369462839;1,0902756906777815;31
71;77,52695369462839;1,3047391527622536;31
72;77,45629238284208;1,4905492087042331;31
73;77,42800395241169;1,3321404714469212;31
74;77,56930665455444;1,146791444658575;31
75;77,35746216920468;1,3140947929237594;31
76;77,42802387384157;1,3283026281916206;31
77;77,58333134119034;1,3149543016477994;31
78;77,4562525399823;1,2271940984195038;31
79;77,56918712597516;1,2278499077361764;31
80;77,47037683376763;1,2346064336498688;31
81;77,61150024304145;1,2210028541164408;31
82;77,7385591228196;1,4233095543875331;31
83;77,69616632003378;1,2587560155523358;31
84;77,68202210481859;1,211698558507876;31
85;77,71031053524898;1,0537753298465495;31
86;77,59725642067686;1,28138999634182;31
87;77,56912736168549;1,0245654506116917;31
88;77,61142055732192;1,1063923282468833;31
89;77,61146040018168;1,1997201377842497;31
90;77,61152016447133;1,1319601390741216;31
91;77,63968906632245;1,1603311780604393;31
92;77,66777828245401;1,2802796443301778;31
93;77,55494330361056;1,2753600298145702;31
94;77,75254396659574;1,1825338254342979;31
95;77,78079255416637;1,185947879521725;31
96;77,87964268923366;1,2609019412742726;31
97;77,8937470615891;1,1892105156547046;31
98;77,82312559266255;1,3492078251284034;31
99;78,0489150789287;1,4650361903996152;31
100;77,96426892336625;1,2056336267332914;31
