Experiment 0;Experiment 1;Experiment 2;Experiment 3;Experiment 4;Experiment 5;Experiment 6;Experiment 7;Experiment 8;Experiment 9;Experiment 10;Experiment 11;Experiment 12;Experiment 13;Experiment 14;Experiment 15;Experiment 16;Experiment 17;Experiment 18;Experiment 19;Experiment 20;Experiment 21;Experiment 22;Experiment 23;Experiment 24;Experiment 25;Experiment 26;Experiment 27;Experiment 28;Experiment 29;Experiment 30;Experiment 31
1,288240725456614;1,7322702149056983;1,294548167648311;1,2856680927343622;1,1431488291766514;1,7322702149056983;1,2077993053002465;1,0525483983389;1,6025777882255243;1,2497528789299517;1,43715075135747;1,6281199835141658;1,5848538882933825;1,597984181688785;1,6422332631582228;0,9335661740483302;1,083377783585698;1,7322702149056983;1,7322702149056983;2,5235898844048954;1,8032414735658688;2,4048847097468387;1,5498312754888963;2,4849236053914434;2,2141083162295416;2,068289754722434;1,9224654828235328;3,0768392838034777;2,398528955924397;2,257133780530961;0;2,7074694623683904
0,9781963839784029;0,8297092717585133;0,7000502648094176;1,0359281217386052;0,9607612666908456;0,8297092717585133;0,5292176558609565;0,920134183231717;0,6546522528760623;1,3742705823480406;0,7013219146560816;0,8536921657901344;0,7293230925985292;0,6860669029076204;0,9546425289436296;1,0098482690112016;0,8422861132957284;0,8297092717585133;0,8297092717585133;2,0538709671295865;2,3829150513569988;2,384229733193874;2,0074097479365998;2,0066150491655423;2,251814737110914;2,2047014793464514;1,779996137240783;1,2766057966014688;2,5415350682391593;1,6738453289538482;0;2,8589629135935697
0,9484445693375372;0,833746023974016;0,5639481720295382;1,0430696569986162;0,9106177148382408;0,833746023974016;0,9807672109770752;0,8583251689261042;1,4653866331104566;1,0123605388094992;0,9925999918057872;0,8897274357033765;0,9123359836691438;0,8323318951597658;0,9539504697063056;1,3313915705532524;0,8693467913351074;0,833746023974016;0,833746023974016;1,5545637222519482;1,9400720129712268;1,7266693683224292;1,8323550669344209;1,9874570566049976;1,876675630705829;1,881766484777532;1,8024800724955423;2,0094081895399785;2,1502715079401624;1,9762960570722268;0;2,073428404534317
0,3947331959760826;0,7949751417687119;0,9927282488545576;1,1737023069412749;0,5321991215124311;0,7949751417687119;0,8883318293402369;1,0282008802438818;0,9349830832232241;0,7819767132862822;0,7401251567129219;0,7945751739692821;0,9475484925152646;0,8047029994748174;0,7837091054063504;1,3274939552813392;1,0087217881373214;0,7949751417687119;0,7949751417687119;1,5341324041115123;1,95682572407187;2,2567040504517317;1,5537870870660864;1,153647912437655;2,113001887284893;2,0344260463670003;1,9588948454247213;1,217460127907962;2,2747041010906983;1,8065236205265467;0;1,8859074370155169
0,7369560618826331;0,7083202065254207;0,6526535574870336;1,1609645894551963;0,9690386084999248;0,7083202065254207;0,9619616522331572;0,8775614842825049;1,0105221409806888;0,7805251347287891;0,6667455377098458;0,6603755781069434;0,6108022359552582;0,6594900999002037;0,6721515748056575;1,3276182737136817;0,9298630898727579;0,7083202065254207;0,7083202065254207;1,6256245821377862;1,733317662664732;1,7603673992716369;1,7739231773933082;1,5867974186279232;1,7360432861024695;1,937233193311024;1,8380109728647689;0,9279137700952802;1,9163022403679943;1,4899735427688794;0;1,6203654414011004
0,6633599091678781;0,6109951215159152;0,6316912201730718;1,3646479780946326;0,7749977163297701;0,6109951215159152;1,1889369131776424;0,7303963188949538;1,0297489392705053;0,9563746601715456;0,5965929182006829;0,6365949577228779;0,527914462994277;0,5747823570594333;0,4925321626715742;1,0787164048667959;0,9180814537940484;0,6109951215159152;0,6109951215159152;2,010566431623916;1,3501608471796909;1,684942721227527;1,2390908619916352;1,5561845018763742;1,3427260594294483;1,7332024688388106;1,5743641950972702;2,0175372594925234;1,986042936699185;1,8741209955850755;0;1,4940636086360783
0,5527205853932993;0,6981458512891295;0,6226966811129836;1,3780532686619686;0,5917439193981143;0,6981458512891295;0,9834771701193696;0,7359108587006883;1,0891742027902116;0,9680947096988004;0,6767839360024244;0,6531813043440574;0,6521705731724912;0,7404272750953743;0,5924306830063927;1,3934913803001767;0,9072618029708528;0,6981458512891295;0,6981458512891295;1,6598787860640198;1,894759593847875;2,0607388868232808;1,3821925748082988;1,4152611879845702;1,924593567644569;2,0589747364943114;1,5995200874748061;1,59781409069045;2,2988081102512323;1,531619032794933;0;1,684706450397013
0,7044060103826647;0,7428581950316929;0,8930754811614351;1,3915723824270003;0,8570972790229784;0,7428581950316929;0,8643241028770963;0,7700091968702628;0,9698442457384718;0,8545455160634892;0,8963357615875996;0,6437455146185525;0,8341682466635683;0,6015634423399894;0,5640072793226388;1,5007252161815483;0,8905059766134565;0,7428581950316929;0,7428581950316929;1,788163549067059;2,1012504061764146;2,198029468625728;1,3688411344229563;1,505257996439105;2,089787365659141;2,2414191335770552;1,0740961540518816;1,9760516613749468;2,1630142483499504;1,1294320096717032;0;2,3566033976122487
0,9465305737688052;0,8349550419136376;0,8094415780473772;1,2727080308652992;0,7495296682150162;0,8349550419136376;1,174424024861891;0,8130274773087944;1,3881866317234142;0,946970287118972;0,8797143136855758;0,7478335417286637;0,7373797652796558;0,7688823962202151;0,7435602053871491;1,1921969944508408;0,9191413017608288;0,8349550419136376;0,8349550419136376;2,027843812965523;2,1121685213915424;1,9930928084191264;1,6023594428103063;1,7030368140187773;1,7344465748702766;1,9836509854968816;1,4050372557473565;2,0426792277769823;2,0537828838841095;1,3110844214923467;0;2,0644337188551933
0,8890178464799595;0,8881795585795254;1,0399369814817183;1,2041965678456448;0,7159538552945117;0,8881795585795254;1,2806518515060965;0,8918660599830666;1,3265119172187805;1,0180061364205524;1,0405750171799937;1,0085499071331;0,9747631788529956;0,8504533442837336;1,0017259464856691;1,021183361009438;0,9835706772260244;0,8881795585795254;0,8881795585795254;1,81189596964706;1,7355726160312488;2,1292622006815214;1,5004166165086676;1,88428892044091;1,2716739639839532;1,5225166876539704;1,4630235653764119;1,7973527408424481;1,5393007003225985;1,3274125327618749;0;1,7449365176749707
0,7842542647912972;0,955876636996257;0,9418311730658476;1,191541454384215;0,7402281421268793;0,955876636996257;1,1049627036521257;0,9522517684202594;1,1993402061785579;1,2334287944176483;0,9862804380728312;1,1603652469978605;0,9738413901342082;0,9910570473474916;0,9336163000752302;1,0451583590409896;1,1335492132318097;0,955876636996257;0,955876636996257;2,0003109094391585;1,3699766466724437;1,4013157445752942;1,5443268882166423;1,7287275713427086;1,1969813428750822;1,277019620592645;1,7219920147549546;1,5986091117441523;1,4390134255103817;1,5255988825033782;0;1,9353914798829444
0,8288794169879009;1,011962372469274;1,0580105538807048;1,158291708979969;0,5223176260465691;1,011962372469274;0,7000469586712476;0,9979213230347144;0,9140618686246712;1,1545984531299534;0,9860046710141558;1,192994976449204;1,08250314908809;1,0328787683317595;1,0517544826199143;1,2156303407316926;1,1971986840648032;1,011962372469274;1,011962372469274;1,997958592393332;1,578205780802962;1,3547665428957478;1,2756637713613217;1,9418233395768;1,29855549122087;0,8210137162260567;1,4482312482034951;1,6260489484013878;1,355108013338138;1,2643568527228142;0;1,671375304589675
0,7340515518115767;0,9684867151154494;1,1074138354842744;1,273015460319511;0,59485815013429;0,9684867151154494;1,0825949845098897;0,9603750128913692;0,943063409293944;1,0065889504151806;1,0108903119043977;1,0854947938375201;0,9926890569468858;1,1114310966006595;1,0276163543780752;1,268351678963982;1,3593477375732872;0,9684867151154494;0,9684867151154494;2,00951123586125;1,1535110796014203;1,1341531189355574;1,1979103099424877;1,9919839911024664;1,2868400108508844;0,9508407887442109;1,6470611853414294;1,6673786474635863;1,1988860280776903;1,29209317981476;0;1,992777608187412
1,105490817268722;1,0567074168836554;1,3040753449507612;1,1550280801439845;0,8511839191724472;1,0567074168836554;1,2626398228801965;1,038584409090326;0,9338470376079252;1,0208785558407527;0,9683544533096023;1,1362105386019803;1,0572771938113257;0,8713490478226471;0,9497325962794018;0,9616901571270564;1,451414440694523;1,0567074168836554;1,0567074168836554;2,1324839046663056;1,512369092041835;1,2943544749189535;1,535898813942576;1,82663356236862;1,3754984066854272;1,1566774792826418;1,5007219431420071;2,0010574266867365;1,293013140863265;1,308402838584369;0;2,20508117581438
0,919584381451826;0,9945832484971704;1,0999910672254138;1,1691297389563384;0,5734922083042358;0,9945832484971704;0,8599065132524779;1,0494347331245106;0,9313543877281066;0,9921439377787116;0,8739800456965963;1,0295336469850618;0,8611386588540916;1,0123162367479126;0,8301031867207262;1,2022940891337677;1,3376471884411707;0,9945832484971704;0,9945832484971704;2,1074093593011263;1,1877824377417483;1,1070573844836746;1,2993730510587371;1,7913730995920596;1,4094387385913059;1,0704902938313892;1,3879615753084409;2,0213793809088267;1,3933648196568202;1,278476432439964;0;2,1363733539853325
1,0013028185333983;1,1665560592185966;1,1921362946902567;1,2029384421777043;0,8303856733679489;1,1665560592185966;0,7612142069726492;1,0712203958967028;0,8188605718001757;1,036420606843177;0,9817040738939908;1,1128467873733654;1,1155727140887008;1,0766959759779446;1,0666244398451443;1,4333926908194417;1,399263175582956;1,1665560592185966;1,1665560592185966;1,8150699781548405;1,2950042320119473;1,1357922268396536;1,289354077712294;1,7550407567706332;1,2629719893784859;1,1597828985519525;1,3248954524599328;1,778797091936423;1,6055905262403791;0,9853404935097414;0;2,1573453108737057
0,9731845630287256;0,9503348823077984;1,0514571612143528;1,1136285313325294;0,8146450774961983;0,9503348823077984;0,8421759049458468;1,0653724192391183;0,7854200061432673;0,9720357222716118;0,9781211210582794;1,080924314869652;1,007998981176991;0,96668042973344;0,8281112653455488;1,2952638605505389;1,4924598066853647;0,9503348823077984;0,9503348823077984;1,7160922425739509;1,124855492829168;1,3324983273952211;1,2987528166923858;1,7903164578420154;0,9943679212586636;1,0060667598921198;1,4165547420813822;1,9870081784133384;1,6978071358340916;0,9382705846931584;0;1,738919361928493
1,0119685862946683;1,0245688703690956;0,948756995757297;1,2621464005983856;1,011674161476997;1,0245688703690956;0,9068641618721814;0,9828459446552325;0,7102735629744681;0,8977572515846978;1,1122643300148114;1,045726910900416;0,9859919739870892;0,9812100049418558;0,9806109549834248;1,3089667358826975;1,356642546409809;1,0245688703690956;1,0245688703690956;1,7501605157310571;1,1529896003139286;0,9451891883605243;1,4442733616344825;1,718275153058357;1,1842924443046354;0,9301486893367724;1,4664211491645118;1,9674293291324167;1,7717749874127788;1,0246202287609392;0;1,893366916165139
1,1816575519759436;1,0699971691588366;1,0700662402681158;1,2228713355607868;0,9295572297073308;1,0699971691588366;0,7902457827614123;1,0565971841869677;0,8220067914310243;0,8718882580969115;1,111161153409279;1,0673868603274108;1,0567151194798157;0,9619502795943669;1,0131419270406476;1,3107949997135822;1,3739634436782775;1,0699971691588366;1,0699971691588366;1,4319174703868491;1,1976342994122064;1,119187062256895;1,5381946939404882;1,5170833314443175;1,3995394779987511;1,2707982434115677;1,4458625463234456;1,7831083389383682;2,089405952138305;1,163296485866473;0;1,7258451636233898
1,0615448237885874;1,1045899289886527;1,0352617182176846;1,2863749975995271;1,1385244208319143;1,1045899289886527;0,7624922673266871;1,0152600420808866;0,847011118894663;0,9459301250139984;1,076619032090177;1,1264585261720956;1,0529697123726425;0,8615574040457612;1,0615617980218672;1,2610273070020002;1,3305917643924128;1,1045899289886527;1,1045899289886527;1,4542769168693428;0,9276576140863112;0,9975032649270456;1,4154973521896894;1,5674382172938954;1,067946317530265;1,1237793711535102;1,5414253173743844;1,7797462620838518;1,5295411177202185;1,2966029236962109;0;1,9918816757980389
1,5560932016072833;1,1239226252030488;0,9623151325150018;1,323137315732846;1,2073332125140923;1,1239226252030488;0,9929197263291444;0,992875506754837;0,912804302409755;0,992374166897388;1,1040571403637016;1,0856481845732655;1,092279383151342;0,9450771863154116;0,9687085021502077;1,2312438193728428;1,3235969059449837;1,1239226252030488;1,1239226252030488;1,4009145667511311;0,7588035467061547;0,6872721757794971;1,3255017155755424;1,573116416898172;0,8252676422026076;1,2194080284982145;1,2896554949288521;1,6178294318745037;1,6471756678942888;1,2957961706539989;0;1,9124824469563253
1,2553469007676599;0,9751187668703076;0,9453983800298962;1,3154221715815393;1,1680544906315566;0,9751187668703076;0,9572961975259876;0,9428874638845868;0,9628716371898524;0,9191955968412368;0,985924529353784;1,011523422549168;1,0042245213436738;1,0781498940039516;0,995569632137103;1,1652232051712568;1,4048282827938867;0,9751187668703076;0,9751187668703076;1,2073075848303714;0,7100409705125564;0,8196153718919772;1,177816710953905;1,4744288529109768;0,6289869798130424;1,4048378213908193;1,0958178529841842;1,954748703817012;1,7060403072823735;1,7598790329560143;0;1,58135560345775
1,1390968972862847;1,0822888465784701;1,1790804664413423;1,3609886541238192;1,298686510728155;1,0822888465784701;0,9691493889644058;1,0937286082450746;0,9065377199433928;0,9302963066203492;1,0102151828548973;1,0462015474393875;1,0554025009406014;1,0396063634482942;1,0645730957576869;1,2717755519683889;1,4534431763243991;1,0822888465784701;1,0822888465784701;1,401508690118643;0,7511650772972039;0,8808200293489372;1,3335590658937106;1,4952938570029872;0,7009993166954556;1,0131058849088532;1,2353180066221607;1,7403081181254358;1,8090482001173789;1,1563023424217909;0;1,5804800215399588
1,2150105339138175;1,189840861511246;1,2302765273856742;1,3934773873681527;1,2597290819939169;1,189840861511246;0,9593381486370116;1,1187997467251571;0,8810291263941864;0,9529478873429454;1,1499055725645089;1,2182430969086997;1,1626980742472734;1,1128941309481508;1,1361986843786975;1,426980217511696;1,5053746934325656;1,189840861511246;1,189840861511246;1,3693686792502688;0,7487935772135349;0,8891579705217059;1,47816863599266;1,2874155203816795;0,8549555527558209;1,2060081089043544;1,4328651065789906;1,6510113103122128;1,7313787812089685;1,2306044935447218;0;1,5353279724715472
1,2765658152628925;1,2246493149863071;1,1392790389727885;1,2794567898377942;1,2292139552878965;1,2246493149863071;0,9117941121404058;1,1412584391848062;0,9001116915607982;0,9335836092822448;1,230510077402038;1,1161241735222929;1,2179121226750382;1,069871291169504;1,1644350744500649;1,317921643956956;1,4221273106868115;1,2246493149863071;1,2246493149863071;1,288872304250234;0,8015325238417916;0,9311102306832794;1,4769377907155183;1,3395079785854809;0,7694182396315979;1,5571394656569255;1,255539131200475;1,6199820651439096;1,8292935026656023;1,51146009132267;0;1,362522866243448
1,478067184183327;1,1312686098441942;1,177772894443191;1,2227176385236316;1,3373049320479653;1,1312686098441942;0,9774828410758152;1,0227923026300794;1,0454884695981386;0,885425905319228;1,129156748253716;1,0440801683351943;1,1743348655082662;1,1245591943787203;1,1434036255796092;1,2590374988789874;1,3899898128387984;1,1312686098441942;1,1312686098441942;1,2591164758274007;0,9914959574437472;1,0295978448064842;1,456446621469634;1,0210940885792759;0,7912394925472873;1,427323658061347;1,2939813715834054;1,6217935316337897;1,6470099098696074;1,1680157118811636;0;1,3296680790157325
1,8394366808571032;1,073149895797314;1,3204446784930024;1,310243797726231;1,263633253080011;1,073149895797314;1,1465419763877631;1,038427112215282;1,1024119079266836;0,9273524765889462;1,15597810338676;1,1832238398676154;1,1803113918186698;1,1396955326355631;1,1473678697387673;1,3074971122932622;1,3407711066754808;1,073149895797314;1,073149895797314;1,323546563315325;1,058652961558198;0,8494627799840295;1,4697752103108541;1,307738686482829;1,07647989920237;1,4411791877618552;1,3390819155717493;1,576929965459786;1,4452191702688548;1,4895937490107145;0;1,1889071477011772
1,7379665428265851;1,2475098023876583;1,273404661166866;1,2160505524004868;1,235471045307034;1,2475098023876583;1,2372650611863745;1,1993984263558506;1,1123484746863577;0,9159746515550078;1,2341668971648172;1,3236362974607965;1,2573862500643616;1,2078184678199029;1,253330428272158;1,3145658959890738;1,4054632087839996;1,2475098023876583;1,2475098023876583;1,4618798103309585;0,9673264107899888;0,8425841299507301;1,4462370562280424;1,6329252671692736;0,8308194365734131;1,7871202083323368;1,2953273896246107;1,3479427423262815;1,4352639517477703;1,5407173572301045;0;0,9691371237301504
1,4753809595622291;1,257376311107107;1,2490827176425754;1,2291976610130737;1,2520234301834634;1,257376311107107;1,2543729755324478;1,1133798360841791;1,2417765689008866;0,9511312562576446;1,2448230158006754;1,1901927084834143;1,2244800897010428;1,1795906750737273;1,2283827571471728;1,2562112187257688;1,3360670541699238;1,257376311107107;1,257376311107107;1,6157117912190675;0,9847610883190024;0,9776288625395692;1,505076188302896;1,5554645064392965;0,9299960894690528;1,6567261834891125;1,4208279767032628;1,4686524786999802;1,4066276429796591;1,3834924960994348;0;1,131550276159431
1,5464466182927346;1,2223310442219166;1,2273845123330849;1,252492396843699;1,1905848495627318;1,2223310442219166;1,1135158446836662;1,1493807325750316;1,213682023238708;0,9142711995179088;1,3089269215439177;1,253355348856752;1,2306583682464782;1,2192721455032358;1,1773470056977244;1,187629038814178;1,2503902028716;1,2223310442219166;1,2223310442219166;1,7680027383799095;1,1056468285824341;1,0636997783112514;1,3909019317605409;1,5454965938672836;0,9954557893226804;1,5620332608008127;1,5292656901790649;1,4768388262330567;1,5367625563922571;1,4288762947350708;0;1,2279650168416965
1,6017399951961908;1,263403118926422;1,2189178094081194;1,2983287419529206;1,108179499794202;1,263403118926422;1,1875121062245793;1,0605541790186717;1,2976712259220011;0,9062862254706842;1,2085164712702454;1,2303870714348817;1,2601011515706353;1,1722557998672043;1,1803113918186698;1,158622661705079;1,4238641595972192;1,263403118926422;1,263403118926422;1,5941235247895824;1,0905263748308809;1,195503246633289;1,5503623187685462;1,5121413057461164;0,9207505800671936;1,4239209263249766;1,6193931482918675;1,6139244169583449;1,752479593656875;1,4534988184504614;0;1,2933486697426135
1,1799938504777074;1,293139683940202;1,1946256992565658;1,255133112652029;1,2154595594609554;1,293139683940202;1,1825554744136082;0,8781625504770112;1,2090697116356952;0,9102160588188408;1,2779954098116977;1,2307883909832955;1,3643314174303869;1,2499643355123304;1,278342094264854;1,16482649929024;1,3662320341833272;1,293139683940202;1,293139683940202;1,5511920038118818;1,1063440630591848;1,2876510547134203;1,427898603839184;1,4555332062670467;1,2475402526736743;1,6908720812498557;1,4866263531460862;1,5603937565686423;1,8002948909000192;1,4007997010352342;0;1,159564783801648
1,6006289290194091;1,3050222704580778;1,2263970331642269;1,3357950553014102;1,2733064015265976;1,3050222704580778;1,1650882965883709;0,8829814238192876;1,216013865825004;0,8793838067785195;1,2787660439476158;1,2717379802700526;1,237510239898203;1,3227180735477828;1,3012422864798157;1,0969205093857404;1,3851839795851058;1,3050222704580778;1,3050222704580778;1,5687915313492915;1,0324387954296852;1,1784495665011991;1,333855043668111;1,3347047407234878;1,1675969523473126;1,55042781724626;1,5960619619055465;1,5158983840863594;1,5184228774901272;1,4847156482937085;0;1,1250530169177162
1,684849989661268;1,1422648563808062;1,15251074927704;1,3128663704712535;1,419127605917845;1,1422648563808062;1,2020385590170533;0,8493323307020729;1,180043280177108;0,9240954600519556;1,2324260696416331;1,1622344389545396;1,1809762152697958;1,2390711592163228;1,2187092290094996;1,126981245453209;1,4378160744073538;1,1422648563808062;1,1422648563808062;1,593205059342602;0,9096806233961036;1,256010337188153;1,5312443576007702;1,552817769739829;1,0741566232308244;1,6108018729754838;1,5378747625435962;1,4019023033410345;1,8026581510861877;1,4740739628954398;0;1,1830223167720422
1,6686102218315493;1,2146649477218758;1,1328223993321906;1,2339548962747144;1,2793119690237331;1,2146649477218758;1,1226059852318038;0,8622505595227654;1,1523837143025997;0,9675392318764282;1,2603008548417731;1,1799125972725455;1,2576943057149403;1,301947234853495;1,2037718169632488;1,0801506960074343;1,3809508268664623;1,2146649477218758;1,2146649477218758;1,4109936215040864;0,9843303208680356;1,2149817211411924;1,487061465217655;1,2535492139948834;1,0641848788970631;1,6780783085347741;1,5302468915657648;1,3998813482348704;1,7964893502435757;1,4348686019057475;0;1,102622685849665
1,240326068252786;1,2213712318595686;1,2468116933588962;1,3722654346631182;1,3487151910791884;1,2213712318595686;1,135233679973097;0,9807002343377312;1,1513234930271696;0,9471239819841673;1,2706121490969562;1,1961575415139358;1,211224201791041;1,151448460215117;1,1581962994203772;1,242866392739916;1,4911836119312838;1,2213712318595686;1,2213712318595686;1,391915087864812;1,0958771676472514;1,0857493669348472;1,3909017542230595;1,3973224351878932;0,9830425659213484;1,4289300620859364;1,3691737487934386;1,3889421173269587;1,6883179929156542;1,3282937352955495;0;1,4207557785162193
1,126896627950252;1,1010835324369834;1,1431951758442207;1,3499086237655458;1,3770376080053652;1,1010835324369834;1,1688183997104171;1,0443481924973157;1,2282433991113089;0,9553417946494424;1,2050410616484586;1,1289038279037598;1,1192134404167366;1,0628182185775121;1,0495065469807214;1,2525568092021642;1,466696780166077;1,1010835324369834;1,1010835324369834;1,4126958285138669;1,0666583438413149;0,9582404373274369;1,397971782186083;1,347022127245185;1,0662649022006012;1,280993794556168;1,309461963652713;1,6275365465952474;1,6186516579833357;1,4521959124031332;0;1,159558366748996
1,1040702418833517;1,1067567745048474;1,178350771349048;1,2509250982926976;1,2917355552060472;1,1067567745048474;1,2911461643242763;1,0295567080017434;1,3627723976996835;0,9194334793293459;1,1355116445860964;1,021141549289393;1,0552094396910965;1,0116049520152222;1,0839984857367377;1,1482208951695148;1,2710941464916299;1,1067567745048474;1,1067567745048474;1,2340181121611735;1,0776994810264042;0,8917626146153333;1,2601536019060355;1,567903991774764;1,028178364385533;1,3643811239632695;1,4461430032178269;1,6000191583840264;1,4922657799114765;1,4147084863262973;0;1,0432983124425093
1,2720616548310304;1,1614773778862548;1,1648328643538914;1,2704675362418296;1,2266600669111087;1,1614773778862548;1,24808958508453;1,061216530807093;1,2644323391670615;0,966686543342102;1,1606520790270576;1,0914045647432404;1,1906128599595227;1,0892396749937758;1,06179256998337;1,1644410313875524;1,357752445736874;1,1614773778862548;1,1614773778862548;1,2366347949162215;0,8145119793469192;1,0096259244751455;1,3301698781647089;1,5771171697371869;0,8747414632367125;1,2085720039098595;1,45135307123321;1,8482575798039205;1,5126452184277597;1,2888639734066123;0;0,9755606283588132
1,4196522087812606;1,2574003886546428;1,2252653931603932;1,2334798032262748;1,241446337750515;1,2574003886546428;1,1507981046951279;1,0424878999444624;1,1808458849821009;1,0173345484233338;1,1734554241797206;1,106683228284205;1,1369599378138993;1,1146691757232816;1,1550128921015512;1,2114244150342748;1,4369529913867132;1,2574003886546428;1,2574003886546428;1,1192795886563631;0,7356190532376362;1,1587769205153264;1,3029099637209414;1,4999200127194097;0,6841528298607186;1,1093796604796553;1,45420917649478;1,8280597237870944;1,6066040380756013;1,311109710031622;0;1,0814275372307989
1,4371679110122342;1,2049107716147864;1,1706064606933029;1,1873789094672924;1,3608032185872387;1,2049107716147864;1,1997998381663402;1,0773802443283684;1,313974883851038;0,9847495568010286;1,2148973548421158;1,145722292909489;1,2142796241625755;1,040604841225805;1,1025535397187054;1,170007200153839;1,3662263416558964;1,2049107716147864;1,2049107716147864;1,1939404240183478;0,9330232363124856;0,9962221993112326;1,2549911672400222;1,6708809482188165;0,8283733895290509;1,1865929198607408;1,4366022015277846;1,4343961873588083;1,9507526028267133;1,6398903043098416;0;1,25282688871868
1,280922613283011;1,1219149068212555;1,1363665350128422;1,1749175548803386;1,1807422313300553;1,1219149068212555;1,1517586326521174;1,1210550861013464;1,1769518667485186;1,0187144386613485;1,195084160857363;1,0830672357420792;1,10714752308453;1,1408301624031638;1,1062305649179298;1,1479089291108238;1,2981212380845522;1,1219149068212555;1,1219149068212555;1,3147855999243074;0,8269689673040096;1,1420444180279876;1,2942849745512026;1,5489915379540067;1,108843757857621;1,3915061689650945;1,2068622136552412;1,3958018720107654;1,7630321355360616;1,6996253727115864;0;1,0877773019964958
1,4016327357774778;1,0874271805810665;1,1264628455226935;1,2320381405700085;1,15566422250347;1,0874271805810665;1,0678917921377369;1,1229471684666492;1,0925479626405319;1,0397722423289515;1,0556864613590466;0,9710122922162596;1,062786664157487;1,0825856036192183;1,0883008578261837;1,1153399275833027;1,3019033752867042;1,0874271805810665;1,0874271805810665;1,3495820667977676;0,9967662449054822;1,122421404659386;1,335253366282689;1,4975465962278507;1,155099073136414;1,1839982853365991;1,4667750475727204;1,4420493529516742;1,6356406599943536;1,2267940109110638;0;1,1789984630387669
1,2482798711883143;1,068236385846863;1,0696307449833122;1,2437602972390909;1,3482479973597754;1,068236385846863;1,0821369134849412;1,043955899744084;1,0950488573423725;1,0329639560693522;1,1378660468830142;1,086664439749402;1,0262868839059434;1,0970227472878846;1,0849795876468225;1,1542193836761443;1,395432625517332;1,068236385846863;1,068236385846863;1,3791471099399022;1,1065705571011475;1,3197308423116083;1,3612912196094542;1,548941424507047;1,1337123419152817;1,3390992983678356;1,5767492169560682;1,3630543474940304;1,4045188944775089;1,4033025029645227;0;1,2348267033812703
1,2719850142886002;1,1530314408993678;1,1574235980340466;1,2732518170361034;1,2506460053837731;1,1530314408993678;1,029838132369458;0,9947424483327434;1,0460777773491154;1,0555944021254742;1,1615793621780337;1,1119846613956923;1,0536905918417914;1,1292537745421354;1,1661183057920113;1,210246395047589;1,2346151617596013;1,1530314408993678;1,1530314408993678;1,6243821702276122;1,098555963781298;1,2016221859486014;1,2757119878514402;1,4885228324351458;1,2757071633290538;1,453726224352711;1,758469057330118;1,342188873676045;1,5636443075728423;1,3874177693362646;0;1,14569893585881
1,2043097083460794;1,045172696997187;1,1761501156764145;1,2168055635563908;1,2051519168235756;1,045172696997187;1,1806569857995708;1,0736669938337433;1,0184772615420898;1,0411019057823838;1,1524112427111621;1,0914175878851131;1,1314637761783006;1,1969686822506695;1,1001358676596906;1,2711350669479151;1,28228934625372;1,045172696997187;1,045172696997187;1,4692731375719392;1,1818501639914818;1,294582916776277;1,3256871820500895;1,6202613128099852;1,112333017005995;1,6151908610651755;1,790687581747636;1,1555222613370917;1,4890544353192865;1,3417370486242408;0;1,2661187621779153
1,2814460475280014;1,1555105687152543;1,1908334675889385;1,229849641288146;1,3423154864663909;1,1555105687152543;1,0104650108677666;1,055811399307816;1,0539802296796714;0,9995740739504272;1,1175717964023701;1,1253071331307811;1,1808849565966777;1,2052067227651713;1,0792329831620115;1,2009069156423708;1,375540506536754;1,1555105687152543;1,1555105687152543;1,228182162638009;1,2304745172149607;1,3079862209780957;1,4731128923667451;1,3498987704407273;1,1708534855135684;1,674173841223244;1,624604627022164;1,1814865785234243;1,2646697837166334;1,5255182428007208;0;1,120013666108329
1,2338408092092328;1,1193018009193665;1,172798014519752;1,2422318613480543;1,2045695721379686;1,1193018009193665;0,9851485681802272;1,0902388848858235;0,9957401372971272;1,0436792679201776;1,2099072014153731;1,205120560491805;1,1213405708201272;1,230790730718433;1,106976348672334;1,2376998482524084;1,4125505055113343;1,1193018009193665;1,1193018009193665;1,2699179910443101;1,1137996093793063;1,3643665971399117;1,3266074469994866;1,4412655741469735;1,2024634439590878;1,532098041719666;1,7531110374620569;1,1557895513617162;1,2363530679722403;1,1233508196545667;0;1,0541227037601475
1,4755110397512243;1,21000517701619;1,2856006610932418;1,2818520656573622;1,1083053862795658;1,21000517701619;1,0374285599600843;1,0988674595975083;0,962203883656858;1,0725051244120232;1,3273036375219176;1,262240774349938;1,3220388691087068;1,1369437468217998;1,1734890206328097;1,042440658841428;1,3244579077368623;1,21000517701619;1,21000517701619;1,3562593783529997;1,1891491763313295;1,4764142203070854;1,3207317213850591;1,3804738868673945;1,1782169920201262;1,416513318740575;1,6653997710530313;1,1532758535892944;1,2679415387386488;1,4856923889045963;0;1,102416627743572
1,4706115343661947;1,229001941900068;1,2229124860056937;1,2063596941233306;1,0954066288366455;1,229001941900068;0,97943010050448;1,106412774951447;0,907285402857164;1,0338952789610885;1,2836517807247658;1,3161029961770494;1,2649350742024206;1,2233261798537038;1,1224737188175469;1,0160929824706308;1,3637656690000248;1,229001941900068;1,229001941900068;1,2994096725748678;1,061610035723344;1,3454203727914178;1,4294750983030613;1,3210719774750694;1,1497204539544974;1,4329489946028773;1,589123889364906;1,3049046072236896;1,160367223044955;1,5075990057644943;0;0,9858224957693316
0,0;0,0;0,0;0,0;0,0;1,2655944130606354;0,0;0,0;0,0;0,0;0,0;0,0;0,0;0,0;0,0;0,0;0,0;0,0;0,0;1,2041857665166642;1,0898222633005372;1,3657756584186351;1,4559895156875111;1,4754687776009958;1,2490802544304822;1,3250968473102651;1,6391811969738577;1,3836448657101736;1,2104757939352395;1,7096428744433136;0;1,0616540256520746
0,0;0,0;0,0;0,0;0,0;1,2513695212784517;0,0;0,0;0,0;0,0;0,0;0,0;0,0;0,0;0,0;0,0;0,0;0,0;0,0;1,1786676219125467;1,2261527467183713;1,1470853615450134;1,5156632075174106;1,517666103274343;1,2317279135015864;1,4524397198556225;1,7483187001687135;1,2931734386354083;1,1976509921980372;1,7712270214308816;0;1,2009554397733782
0,0;0,0;0,0;0,0;0,0;1,234820481451373;0,0;0,0;0,0;0,0;0,0;0,0;0,0;0,0;0,0;0,0;0,0;0,0;0,0;1,0868248949519197;1,2337093136388395;1,4310067111429008;1,3728932136466503;1,5287913140570808;1,2817219471173735;1,4505541868496619;1,7295207054287876;1,1937692851546795;1,322300183997449;1,931248128897188;0;1,2588911445566644
0,0;0,0;0,0;0,0;0,0;1,241040217314653;0,0;0,0;0,0;0,0;0,0;0,0;0,0;0,0;0,0;0,0;0,0;0,0;0,0;1,0011610211476356;1,2318073145743649;1,5505722124315016;1,3844974326150192;1,5677371386269368;1,2724852289273565;1,5163974034522505;1,6403803578658993;1,2549983517443286;1,504300551107935;1,9034668523803164;0;1,1344141357757025
0,0;0,0;0,0;0,0;0,0;1,221052460861457;0,0;0,0;0,0;0,0;0,0;0,0;0,0;0,0;0,0;0,0;0,0;0,0;0,0;1,1297543887344546;1,1248118617853105;1,5332161698055091;1,3876205183529957;1,6699332102208693;1,325691058977963;1,3781824254938493;1,6644420333331085;1,4562295684679925;1,3249382203754088;1,8706288642890363;0;1,2479821190851201
0,0;0,0;0,0;0,0;0,0;1,259645040318117;0,0;0,0;0,0;0,0;0,0;0,0;0,0;0,0;0,0;0,0;0,0;0,0;0,0;1,0832301469389325;1,1654233339267654;1,5667216575613514;1,5240197112717406;1,589481227438872;1,2255388572214465;1,4674664503121593;1,6684886711590297;1,4219433537638444;1,197909632625222;1,6935474004660973;0;1,1865301580509091
0,0;0,0;0,0;0,0;0,0;1,279837094217506;0,0;0,0;0,0;0,0;0,0;0,0;0,0;0,0;0,0;0,0;0,0;0,0;0,0;1,3076706130220197;1,1682552275004754;1,3252453696795403;1,49267353831512;1,5966578669016085;1,3557057804991657;1,5146043403162197;1,6655910998587584;1,318890677978605;1,1295893705299285;1,8741370284343808;0;1,0909945363148148
0,0;0,0;0,0;0,0;0,0;1,3267223816347948;0,0;0,0;0,0;0,0;0,0;0,0;0,0;0,0;0,0;0,0;0,0;0,0;0,0;1,2926258051574973;1,0881238096180663;1,5466993091661936;1,590995964339613;1,4884056776824381;1,2331427538553987;1,6017682689127066;1,7504729454954353;1,1673504852993928;0,9890202273363764;1,6812366132036616;0;1,2561287282055726
0,0;0,0;0,0;0,0;0,0;1,2697958859067495;0,0;0,0;0,0;0,0;0,0;0,0;0,0;0,0;0,0;0,0;0,0;0,0;0,0;1,5548050433179754;1,1624997007985458;1,4659019715428117;1,549750746032074;1,5775385178772883;1,200234990357662;1,8665241254699407;1,831349459034528;1,1423100800634476;1,0016800936515566;1,6852437639686364;0;1,0813680286035223
0,0;0,0;0,0;0,0;0,0;1,212089531618741;0,0;0,0;0,0;0,0;0,0;0,0;0,0;0,0;0,0;0,0;0,0;0,0;0,0;1,377887612975082;1,0460769745397498;1,5514803663599173;1,6296189657928066;1,5403682171869837;1,0029341920084385;1,837209853152883;1,8054624466609883;1,1894151722467237;0,9891470236237744;1,6188594909532272;0;1,0879525442801534
0,0;0,0;0,0;0,0;0,0;1,298647790249986;0,0;0,0;0,0;0,0;0,0;0,0;0,0;0,0;0,0;0,0;0,0;0,0;0,0;1,3434959010616194;1,054631416414762;1,5286597586859216;1,5445381720523157;1,3206136265223911;1,0482370176439215;1,7817783936201868;1,7236759541111335;1,4150392165870171;1,0031975861168294;1,6770734797803346;0;1,0170700261509087
0,0;0,0;0,0;0,0;0,0;1,335075419244517;0,0;0,0;0,0;0,0;0,0;0,0;0,0;0,0;0,0;0,0;0,0;0,0;0,0;1,2988069384266077;1,104586045762355;1,6011109940961017;1,6286086788498857;1,419390090890473;1,0219384638336249;1,5192167994134278;1,8261594663582188;1,348963294221043;0,8323943704002357;1,4979984403023587;0;1,2682207545203228
0,0;0,0;0,0;0,0;0,0;1,2101887177486388;0,0;0,0;0,0;0,0;0,0;0,0;0,0;0,0;0,0;0,0;0,0;0,0;0,0;1,318995058468347;1,1139667633456865;1,580738694416044;1,5730038697745337;1,4221935757299742;1,1688715521420143;1,7555544268244525;1,7752094705839898;1,4130709270313346;1,0646754392594904;1,5117309307224107;0;1,3094216273010446
0,0;0,0;0,0;0,0;0,0;1,2645243169869913;0,0;0,0;0,0;0,0;0,0;0,0;0,0;0,0;0,0;0,0;0,0;0,0;0,0;1,2743461200543884;1,1272076050561652;1,4464906263582702;1,633733813771081;1,245871115447823;1,2271110826123055;1,7099003533770696;1,7199598101401554;1,5837955838743696;1,0156116594993083;1,5484221634169737;0;1,2275129985363116
0,0;0,0;0,0;0,0;0,0;1,2065737248645263;0,0;0,0;0,0;0,0;0,0;0,0;0,0;0,0;0,0;0,0;0,0;0,0;0,0;1,1203393154010433;1,3037977043543645;1,4473844810505243;1,6199759366829107;1,4671365074252205;1,2914801511397958;1,6265772754999477;1,6674031511983027;1,2946254675417672;0,8579189134367954;1,4728779431032764;0;1,065025258365753
0,0;0,0;0,0;0,0;0,0;1,238381622588434;0,0;0,0;0,0;0,0;0,0;0,0;0,0;0,0;0,0;0,0;0,0;0,0;0,0;1,0948915948694635;1,2937068432210803;1,6626227182583122;1,5861099018644884;1,4877225661883329;1,2305960656556094;1,5351784593629327;1,658197025926939;1,3585017148340306;1,1155557411219021;1,4247094607547657;0;1,136034591265009
0,0;0,0;0,0;0,0;0,0;1,2704366770329472;0,0;0,0;0,0;0,0;0,0;0,0;0,0;0,0;0,0;0,0;0,0;0,0;0,0;1,224265163372473;1,3203299096483891;1,6267300013496366;1,4555944481472345;1,4504857927402148;1,1785435455481077;1,6387473248614468;1,8526072100331032;1,261287172336924;0,9766577481214022;1,2267321883047748;0;1,236470175197074
0,0;0,0;0,0;0,0;0,0;1,2755654999799937;0,0;0,0;0,0;0,0;0,0;0,0;0,0;0,0;0,0;0,0;0,0;0,0;0,0;1,3528962079342202;1,3222467117316583;1,6408937147151923;1,4158757902449852;1,2711478611191347;1,117738801421638;1,5678452341710614;1,7537484685951406;1,3681650225734159;0,8516039655435703;1,2630464037731726;0;1,0373100643499302
0,0;0,0;0,0;0,0;0,0;1,1287696861525318;0,0;0,0;0,0;0,0;0,0;0,0;0,0;0,0;0,0;0,0;0,0;0,0;0,0;1,3938051595646797;1,389185562814183;1,6097062391392316;1,4195537412841444;1,424919717236645;1,4612741396032158;1,813389503546645;1,7395140674865608;1,2324192911870877;0,8933951257344598;1,4220417426251577;0;1,1256279708276689
0,0;0,0;0,0;0,0;0,0;1,3116869964082642;0,0;0,0;0,0;0,0;0,0;0,0;0,0;0,0;0,0;0,0;0,0;0,0;0,0;1,3862709239119928;1,4239030107814503;1,6623233866540104;1,416477664585191;1,5810765995655132;1,5037592051619335;1,5977313794669008;1,8198670234934116;1,2109418861857433;0,8872989077648494;1,5051171150478408;0;1,0902756906777815
0,0;0,0;0,0;0,0;0,0;1,3244258443554215;0,0;0,0;0,0;0,0;0,0;0,0;0,0;0,0;0,0;0,0;0,0;0,0;0,0;1,385356448653025;1,3845945956987713;1,7051622765714565;1,4407672978122503;1,5121140862450828;1,4452815163000696;1,7342625174644262;1,6620640782901597;1,1126175552373874;0,9039701480853573;1,4470072269802376;0;1,3047391527622536
0,0;0,0;0,0;0,0;0,0;1,2717653168466818;0,0;0,0;0,0;0,0;0,0;0,0;0,0;0,0;0,0;0,0;0,0;0,0;0,0;1,545135614102619;1,267845948279523;1,6639859105813442;1,4674949984071353;1,5362343913794267;1,3743299744243607;1,7017833614859428;1,6569511980237168;1,2182987185628953;0,948673299161408;1,3734993755246183;0;1,4905492087042331
0,0;0,0;0,0;0,0;0,0;1,299734918055342;0,0;0,0;0,0;0,0;0,0;0,0;0,0;0,0;0,0;0,0;0,0;0,0;0,0;1,5361677078846994;1,28341134029873;1,5349953610220692;1,5155133693733918;1,5298921223509032;1,2543419870084302;1,6140212826469849;1,7141812181962992;1,1438087082646404;0,9087686080234532;1,3249163063240943;0;1,3321404714469212
0,0;0,0;0,0;0,0;0,0;1,2800656475280745;0,0;0,0;0,0;0,0;0,0;0,0;0,0;0,0;0,0;0,0;0,0;0,0;0,0;1,5233332054360802;1,4144234569205687;1,5945044091394698;1,5174739149091632;1,6557181776647028;1,3049738398751782;1,7107154649203045;1,696788582351224;1,153212504443056;1,2348874692485978;1,5604992266005804;0;1,146791444658575
0,0;0,0;0,0;0,0;0,0;1,339424115643192;0,0;0,0;0,0;0,0;0,0;0,0;0,0;0,0;0,0;0,0;0,0;0,0;0,0;1,5579617068672649;1,4954138415024558;1,6440492413621983;1,6183469744596088;1,6124712808323234;1,2602267633341455;1,6945237710882983;1,6591960857993417;0,99282071044916;1,0872326753613957;1,2267223570757182;0;1,3140947929237594
0,0;0,0;0,0;0,0;0,0;1,3478766915113622;0,0;0,0;0,0;0,0;0,0;0,0;0,0;0,0;0,0;0,0;0,0;0,0;0,0;1,5126635262096524;1,471127394180758;1,7172974101613676;1,4601590327043823;1,666156374306891;1,2975249537139355;1,7041666150033468;1,6448541142742454;1,0322831023765486;1,1126466873953045;1,2951983696723688;0;1,3283026281916206
0,0;0,0;0,0;0,0;0,0;1,4208817183224471;0,0;0,0;0,0;0,0;0,0;0,0;0,0;0,0;0,0;0,0;0,0;0,0;0,0;1,5668220381148237;1,45402326286851;1,6182220643158582;1,5468293255993684;1,5783602269027812;1,1757231507318;1,5743526231110052;1,6927541246428055;1,0418045968901546;1,1104888333670344;1,3851456923948728;0;1,3149543016477994
0,0;0,0;0,0;0,0;0,0;1,3211928447135808;0,0;0,0;0,0;0,0;0,0;0,0;0,0;0,0;0,0;0,0;0,0;0,0;0,0;1,5859900108650813;1,295697054519418;1,6021833824793017;1,5699930253322478;1,5760667202253942;1,194925116449958;1,577767018747138;1,5846611149556753;0,9767065096219241;1,1292662491035659;1,4160383833431809;0;1,2271940984195038
0,0;0,0;0,0;0,0;0,0;1,3209644901246678;0,0;0,0;0,0;0,0;0,0;0,0;0,0;0,0;0,0;0,0;0,0;0,0;0,0;1,489870831769529;1,4166530596098648;1,5500852270905274;1,6883767433542596;1,4460108511481866;1,1688355473974352;1,5084127789339654;1,6830453824038538;1,2056576488885635;1,1459395861779322;1,5859591476680377;0;1,2278499077361764
0,0;0,0;0,0;0,0;0,0;1,2609708530973789;0,0;0,0;0,0;0,0;0,0;0,0;0,0;0,0;0,0;0,0;0,0;0,0;0,0;1,448352687752439;1,4006025649680875;1,6128347357255892;1,6421516354815129;1,5483670505747142;1,2440607872305836;1,6971215706537768;1,7245991894855526;1,1272710842360896;1,167608263894864;1,4216726021490291;0;1,2346064336498688
0,0;0,0;0,0;0,0;0,0;1,2183174589363392;0,0;0,0;0,0;0,0;0,0;0,0;0,0;0,0;0,0;0,0;0,0;0,0;0,0;1,4604747114352512;1,3499867661293188;1,6179375864281345;1,562295792509912;1,571960577023606;1,178956739791858;1,6475486058675932;1,7212907895373049;1,1150751236848568;1,0703771326727378;1,370978414996484;0;1,2210028541164408
0,0;0,0;0,0;0,0;0,0;1,2437205406987348;0,0;0,0;0,0;0,0;0,0;0,0;0,0;0,0;0,0;0,0;0,0;0,0;0,0;1,4548973047475795;1,4630065209526812;1,4402228635120085;1,5026249903986275;1,7238218015419655;1,2025043061241725;1,5506825704570582;1,681956925901728;1,0768062998461478;0,957610317936016;1,2586147172309137;0;1,4233095543875331
0,0;0,0;0,0;0,0;0,0;1,1675351225061386;0,0;0,0;0,0;0,0;0,0;0,0;0,0;0,0;0,0;0,0;0,0;0,0;0,0;1,4506600791812747;1,4470402324100562;1,5465698417802811;1,5184780768823218;1,6530038046143745;1,1873664373800008;1,3902409739205228;1,6742203761792664;1,144024894261217;1,0431644934395723;1,5708340489640331;0;1,2587560155523358
0,0;0,0;0,0;0,0;0,0;1,291331832853242;0,0;0,0;0,0;0,0;0,0;0,0;0,0;0,0;0,0;0,0;0,0;0,0;0,0;1,4786500481170106;1,4282564523715968;1,4400604062001168;1,5785465387561657;1,7202251923490823;1,1786555588303784;1,6706677347368648;1,6148504978148168;1,1211733991009234;1,1298660336005024;1,4867681237369244;0;1,211698558507876
0,0;0,0;0,0;0,0;0,0;1,2006208661888087;0,0;0,0;0,0;0,0;0,0;0,0;0,0;0,0;0,0;0,0;0,0;0,0;0,0;1,3260082512592244;1,3508949069788074;1,4945524024501342;1,627918575402199;1,5135293441526216;1,1923424734889807;1,5302537313682631;1,6444644775316768;1,0851967546459238;1,1828952914694153;1,2979396505412857;0;1,0537753298465495
0,0;0,0;0,0;0,0;0,0;1,1991747566656217;0,0;0,0;0,0;0,0;0,0;0,0;0,0;0,0;0,0;0,0;0,0;0,0;0,0;1,4040003072790022;1,4331388197643835;1,3856526793916286;1,602095938680166;1,5192890607262437;1,0546074446598737;1,5942440353901102;1,6171964327065291;1,1290057678618295;1,1601328324229734;1,366318201781211;0;1,28138999634182
0,0;0,0;0,0;0,0;0,0;1,1956846757180155;0,0;0,0;0,0;0,0;0,0;0,0;0,0;0,0;0,0;0,0;0,0;0,0;0,0;1,5100645602960487;1,3346034862543386;1,469404836192039;1,6830253597878158;1,4173787333938344;0,9968934718753464;1,6194711399560695;1,7337671386411186;1,0195832932456474;1,1406543834675669;1,3678626208671618;0;1,0245654506116917
0,0;0,0;0,0;0,0;0,0;1,1951566672387464;0,0;0,0;0,0;0,0;0,0;0,0;0,0;0,0;0,0;0,0;0,0;0,0;0,0;1,3336097768054036;1,3740724200197243;1,4509951925942777;1,6887021885193427;1,3297511626145495;1,047891215628858;1,6388136083886942;1,6144632057518211;1,0407402243036914;1,2150969946926309;1,231795198408443;0;1,1063923282468833
0,0;0,0;0,0;0,0;0,0;1,2764888056175925;0,0;0,0;0,0;0,0;0,0;0,0;0,0;0,0;0,0;0,0;0,0;0,0;0,0;1,3920875225875864;1,371815139964262;1,3446481342099303;1,5933667320118992;1,3853746979591264;0,9673009665266832;1,6447641770933188;1,6245352095256067;0,9549839300811152;1,2633097090818155;1,2738128779558262;0;1,1997201377842497
0,0;0,0;0,0;0,0;0,0;1,270424549896927;0,0;0,0;0,0;0,0;0,0;0,0;0,0;0,0;0,0;0,0;0,0;0,0;0,0;1,3640396195509992;1,3419565716883002;1,3669816254343217;1,5679065177411282;1,3932695990382886;1,002915726610365;1,7670901396463028;1,6752768004870262;1,0187793879213127;1,2116919317191912;1,3121409566081574;0;1,1319601390741216
0,0;0,0;0,0;0,0;0,0;1,2754832022650886;0,0;0,0;0,0;0,0;0,0;0,0;0,0;0,0;0,0;0,0;0,0;0,0;0,0;1,3171988108882262;1,2205910293196331;1,308346816903568;1,5502142415939701;1,432544625331449;1,0674668523130064;1,5943160778057692;1,6395402690693686;1,0420022430527909;1,2837335924063151;1,1857974934689877;0;1,1603311780604393
0,0;0,0;0,0;0,0;0,0;1,2732873080397336;0,0;0,0;0,0;0,0;0,0;0,0;0,0;0,0;0,0;0,0;0,0;0,0;0,0;1,5048808267730174;1,2868624348700448;1,3958407103033164;1,5552456806611443;1,40947474787897;1,0756545848019456;1,4786155379869494;1,6649758284276732;1,0000605429689835;1,2374195041553313;1,387018647443935;0;1,2802796443301778
0,0;0,0;0,0;0,0;0,0;1,261947864726149;0,0;0,0;0,0;0,0;0,0;0,0;0,0;0,0;0,0;0,0;0,0;0,0;0,0;1,3786353769262012;1,3032947094092342;1,318386047415472;1,5275935151227504;1,2927900134794914;1,1352572997324444;1,5721398666928394;1,6389463229123002;1,0739875638454202;1,3214543989259353;1,381339611330288;0;1,2753600298145702
0,0;0,0;0,0;0,0;0,0;1,2650342065097493;0,0;0,0;0,0;0,0;0,0;0,0;0,0;0,0;0,0;0,0;0,0;0,0;0,0;1,4231917347327798;1,3693662583281392;1,3940853802719786;1,5436898935569023;1,3502727629679796;1,0947797127438714;1,6484925274019488;1,592553122955143;1,2854869041254775;1,2076088747133789;1,3865470388513497;0;1,1825338254342979
0,0;0,0;0,0;0,0;0,0;1,2725240528663369;0,0;0,0;0,0;0,0;0,0;0,0;0,0;0,0;0,0;0,0;0,0;0,0;0,0;1,514586164590083;1,399717116007427;1,4642328455308191;1,4562257021986091;1,3210453321654014;1,0282260165793222;1,8362356373483069;1,570183566189419;1,1001767734224464;1,2612126913793416;1,4907237739927146;0;1,185947879521725
0,0;0,0;0,0;0,0;0,0;1,3255023336241387;0,0;0,0;0,0;0,0;0,0;0,0;0,0;0,0;0,0;0,0;0,0;0,0;0,0;1,3746144398275932;1,3667611287479322;1,1851584858305608;1,494763920883815;1,4623426828407338;1,033618030733461;1,6691020334316242;1,6125818899227533;1,0721588121528076;1,2654616220031365;1,394713204455586;0;1,2609019412742726
0,0;0,0;0,0;0,0;0,0;1,3199505767800639;0,0;0,0;0,0;0,0;0,0;0,0;0,0;0,0;0,0;0,0;0,0;0,0;0,0;1,2855823026128996;1,2674150425123385;1,2977701026084472;1,5239405958067107;1,3519469998435212;1,1039497153598676;1,7467732752692886;1,5352870975575186;1,1857201007123823;1,2413962257364763;1,3585845924247018;0;1,1892105156547046
0,0;0,0;0,0;0,0;0,0;1,206198670030616;0,0;0,0;0,0;0,0;0,0;0,0;0,0;0,0;0,0;0,0;0,0;0,0;0,0;1,2867781825781424;1,295236951723058;1,3222272909895745;1,4650526337700038;1,3823211374530988;1,0651880274710632;1,7919221625117867;1,553739226465719;1,14724672640508;1,2519227103131898;1,6267681713554951;0;1,3492078251284034
0,0;0,0;0,0;0,0;0,0;1,2047656304709942;0,0;0,0;0,0;0,0;0,0;0,0;0,0;0,0;0,0;0,0;0,0;0,0;0,0;1,225037572943138;1,2666476605909784;1,3195369546885425;1,5504442858569203;1,3576363049145144;1,160474667883903;1,7092517389698647;1,5942930622745701;1,1910711251879067;1,1563107977482745;1,5832623270793322;0;1,4650361903996152
0,0;0,0;0,0;0,0;0,0;1,1827803761699982;0,0;0,0;0,0;0,0;0,0;0,0;0,0;0,0;0,0;0,0;0,0;0,0;0,0;1,2967307267779842;1,2080154478344098;1,3243674390387827;1,5669000433311722;1,3795914598524806;1,1560759413342303;1,593875767437281;1,5726307507653658;1,1854848405278684;1,0458419037655458;1,510074729487345;0;1,2056336267332914
